
 N E X T F L O W   ~  version 26.04.6

Launching `https://github.com/nf-core/differentialabundance` [gloomy_bhabha] revision: 30ed7741fc [2.0.0]

WARN: Unrecognized config option 'validation.defaultIgnoreParams'
WARN: Unrecognized config option 'validation.monochromeLogs'

------------------------------------------------------
                                        ,--./,-.
        ___     __   __   __   ___     /,-._.--~'
  |\ | |__  __ /  ` /  \ |__) |__         }  {
  | \| |       \__, \__/ |  \ |___     \`-._,-`-,
                                        `._,._,'
  nf-core/differentialabundance 2.0.0
------------------------------------------------------

[base] Input/output options
  study_name                  : nac_all16
  input                       : samplesheet.csv
  contrasts                   : contrasts_paper.csv
  outdir                      : results/all16
  study_abundance_type        : counts
  seed                        : 42

[base] Abundance values
  matrix                      : data/salmon.merged.gene_counts.tsv
  feature_length_matrix       : salmon.merged.gene_lengths.tsv

[base] Observations (e.g. samples) options
  observations_name_col       : sample

[base] Paramsheet options
  paramset_name               : rnaseq

[preprocessing] GTF parsing options
  gtf                         : reference/genes_GRCm38_igenomes.gtf

[preprocessing] Filtering
  filtering_min_abundance     : 1
  filtering_min_samples       : 1.0

[exploratory] Exploratory analysis
  exploratory_main_variable   : Condition

[differential] Differential analysis
  differential_file_suffix    : .deseq2.results.tsv
  differential_min_fold_change: 1.41421
  differential_max_pval       : 0.05
  differential_max_qval       : 1.0

[differential] DESeq2 specific options (RNA-seq only)
  deseq2_shrink_lfc           : false

[differential] Limma specific options
  limma_p_value               : 1.0

Generic options
  trace_report_suffix         : 2026-09-30_13-20-02

Core Nextflow options
  revision                    : 2.0.0
  runName                     : gloomy_bhabha
  containerEngine             : docker
  container.QUARTONOTEBOOK    : (dynamic resolved)
  launchDir                   : /data/cwbd/day_03
  workDir                     : /data/cwbd/day_03/work
  projectDir                  : /home/laurens/.nextflow/assets/.repos/nf-core/differentialabundance/clones/30ed7741fc392127156c2fb10cfa3d69d216b54b
  userName                    : laurens
  profile                     : rnaseq,docker
  configFiles                 : /home/laurens/.nextflow/config, /home/laurens/.nextflow/assets/.repos/nf-core/differentialabundance/clones/30ed7741fc392127156c2fb10cfa3d69d216b54b/nextflow.config, /data/cwbd/day_03/../day_02/server.config

!! Only displaying parameters that differ from the pipeline defaults !!
------------------------------------------------------

* The pipeline
    https://doi.org/10.5281/zenodo.7568000

* The nf-core framework
    https://doi.org/10.1038/s41587-020-0439-x
* Software dependencies
    https://github.com/nf-core/differentialabundance/blob/master/CITATIONS.md

[-        ] NFC…IFFERENTIALABUNDANCE:UNTAR -
[-        ] NFC…ABUNDANCE:AFFY_JUSTRMA_RAW -
[-        ] NFC…BUNDANCE:AFFY_JUSTRMA_NORM -
[-        ] NFC…FERENTIALABUNDANCE:PROTEUS -
[-        ] NFC…LABUNDANCE:GEOQUERY_GETGEO -
[-        ] NFC…ENTIALABUNDANCE:GUNZIP_GTF -
[-        ] NFC…TIALABUNDANCE:GTF_TO_TABLE -

[-        ] NFC…IFFERENTIALABUNDANCE:UNTAR -
[-        ] NFC…ABUNDANCE:AFFY_JUSTRMA_RAW -
[-        ] NFC…BUNDANCE:AFFY_JUSTRMA_NORM -
[-        ] NFC…FERENTIALABUNDANCE:PROTEUS -
[-        ] NFC…LABUNDANCE:GEOQUERY_GETGEO -
[-        ] NFC…ENTIALABUNDANCE:GUNZIP_GTF -
[-        ] NFC…TIALABUNDANCE:GTF_TO_TABLE -
[-        ] NFC…RENTIALABUNDANCE:VALIDATOR -
[-        ] NFC…NDANCE:CUSTOM_MATRIXFILTER -
[-        ] NFC…ERENTIAL_FILTER:LIMMA_NORM -
[-        ] NFC…_FILTER:LIMMA_DIFFERENTIAL -
[-        ] NFC…RENTIAL_FILTER:DESEQ2_NORM -
[-        ] NFC…FILTER:DESEQ2_DIFFERENTIAL -
[-        ] NFC…RENTIAL_FILTER:PROPR_PROPD -
[-        ] NFC…ERENTIAL_FILTER:DREAM_NORM -
[-        ] NFC…ER:VARIANCEPARTITION_DREAM -

[-        ] NFC…IFFERENTIALABUNDANCE:UNTAR -
[-        ] NFC…ABUNDANCE:AFFY_JUSTRMA_RAW -
[-        ] NFC…BUNDANCE:AFFY_JUSTRMA_NORM -
[-        ] NFC…FERENTIALABUNDANCE:PROTEUS -
[-        ] NFC…LABUNDANCE:GEOQUERY_GETGEO -
[-        ] NFC…ENTIALABUNDANCE:GUNZIP_GTF -
[-        ] NFC…TIALABUNDANCE:GTF_TO_TABLE -
[-        ] NFC…RENTIALABUNDANCE:VALIDATOR -
[-        ] NFC…NDANCE:CUSTOM_MATRIXFILTER -
[-        ] NFC…ERENTIAL_FILTER:LIMMA_NORM -
[-        ] NFC…_FILTER:LIMMA_DIFFERENTIAL -
[-        ] NFC…RENTIAL_FILTER:DESEQ2_NORM -
[-        ] NFC…FILTER:DESEQ2_DIFFERENTIAL -
[-        ] NFC…RENTIAL_FILTER:PROPR_PROPD -
[-        ] NFC…ERENTIAL_FILTER:DREAM_NORM -
[-        ] NFC…ER:VARIANCEPARTITION_DREAM -
[-        ] NFC…OM_FILTERDIFFERENTIALTABLE -
[-        ] NFC…ENTIALABUNDANCE:CSVTK_JOIN -
[-        ] NFC…ENRICHMENT:GPROFILER2_GOST -
[-        ] NFC…NT:CUSTOM_TABULARTOGSEAGCT -
Plus 8 more processes waiting for tasks…

[-        ] NFC…IFFERENTIALABUNDANCE:UNTAR -
[-        ] NFC…ABUNDANCE:AFFY_JUSTRMA_RAW -
[-        ] NFC…BUNDANCE:AFFY_JUSTRMA_NORM -
[-        ] NFC…FERENTIALABUNDANCE:PROTEUS -
[-        ] NFC…LABUNDANCE:GEOQUERY_GETGEO -
[-        ] NFC…ENTIALABUNDANCE:GUNZIP_GTF -
[-        ] NFC…TIALABUNDANCE:GTF_TO_TABLE -
[-        ] NFC…RENTIALABUNDANCE:VALIDATOR -
[-        ] NFC…NDANCE:CUSTOM_MATRIXFILTER -
[-        ] NFC…ERENTIAL_FILTER:LIMMA_NORM -
[-        ] NFC…_FILTER:LIMMA_DIFFERENTIAL -
[-        ] NFC…RENTIAL_FILTER:DESEQ2_NORM -
[-        ] NFC…FILTER:DESEQ2_DIFFERENTIAL -
[-        ] NFC…RENTIAL_FILTER:PROPR_PROPD -
[-        ] NFC…ERENTIAL_FILTER:DREAM_NORM -
[-        ] NFC…ER:VARIANCEPARTITION_DREAM -
[-        ] NFC…OM_FILTERDIFFERENTIALTABLE -
[-        ] NFC…ENTIALABUNDANCE:CSVTK_JOIN -
[-        ] NFC…ENRICHMENT:GPROFILER2_GOST -
[-        ] NFC…NT:CUSTOM_TABULARTOGSEAGCT -
Plus 10 more processes waiting for tasks…

executor >  local (1)
[-        ] NFC…IFFERENTIALABUNDANCE:UNTAR -
[-        ] NFC…ABUNDANCE:AFFY_JUSTRMA_RAW -
[-        ] NFC…BUNDANCE:AFFY_JUSTRMA_NORM -
[-        ] NFC…FERENTIALABUNDANCE:PROTEUS -
[-        ] NFC…LABUNDANCE:GEOQUERY_GETGEO -
[-        ] NFC…ENTIALABUNDANCE:GUNZIP_GTF -
[07/737e74] NFC…E:GTF_TO_TABLE (nac_all16) | 0 of 1
[-        ] NFC…RENTIALABUNDANCE:VALIDATOR -
[-        ] NFC…NDANCE:CUSTOM_MATRIXFILTER -
[-        ] NFC…ERENTIAL_FILTER:LIMMA_NORM -
[-        ] NFC…_FILTER:LIMMA_DIFFERENTIAL -
[-        ] NFC…RENTIAL_FILTER:DESEQ2_NORM -
[-        ] NFC…FILTER:DESEQ2_DIFFERENTIAL -
[-        ] NFC…RENTIAL_FILTER:PROPR_PROPD -
[-        ] NFC…ERENTIAL_FILTER:DREAM_NORM -
[-        ] NFC…ER:VARIANCEPARTITION_DREAM -
[-        ] NFC…OM_FILTERDIFFERENTIALTABLE -
[-        ] NFC…ENTIALABUNDANCE:CSVTK_JOIN -
[-        ] NFC…ENRICHMENT:GPROFILER2_GOST -
[-        ] NFC…NT:CUSTOM_TABULARTOGSEAGCT -
Plus 10 more processes waiting for tasks…

executor >  local (2)
[-        ] NFC…IFFERENTIALABUNDANCE:UNTAR -
[-        ] NFC…ABUNDANCE:AFFY_JUSTRMA_RAW -
[-        ] NFC…BUNDANCE:AFFY_JUSTRMA_NORM -
[-        ] NFC…FERENTIALABUNDANCE:PROTEUS -
[-        ] NFC…LABUNDANCE:GEOQUERY_GETGEO -
[-        ] NFC…ENTIALABUNDANCE:GUNZIP_GTF -
[07/737e74] NFC…E:GTF_TO_TABLE (nac_all16) | 1 of 1 ✔
[de/fa1ec4] NFC…ALIDATOR (samplesheet.csv) | 0 of 1
[-        ] NFC…NDANCE:CUSTOM_MATRIXFILTER -
[-        ] NFC…ERENTIAL_FILTER:LIMMA_NORM -
[-        ] NFC…_FILTER:LIMMA_DIFFERENTIAL -
[-        ] NFC…RENTIAL_FILTER:DESEQ2_NORM -
[-        ] NFC…FILTER:DESEQ2_DIFFERENTIAL -
[-        ] NFC…RENTIAL_FILTER:PROPR_PROPD -
[-        ] NFC…ERENTIAL_FILTER:DREAM_NORM -
[-        ] NFC…ER:VARIANCEPARTITION_DREAM -
[-        ] NFC…OM_FILTERDIFFERENTIALTABLE -
[-        ] NFC…ENTIALABUNDANCE:CSVTK_JOIN -
[-        ] NFC…ENRICHMENT:GPROFILER2_GOST -
[-        ] NFC…NT:CUSTOM_TABULARTOGSEAGCT -
Plus 10 more processes waiting for tasks…

executor >  local (3)
[-        ] NFC…IFFERENTIALABUNDANCE:UNTAR -
[-        ] NFC…ABUNDANCE:AFFY_JUSTRMA_RAW -
[-        ] NFC…BUNDANCE:AFFY_JUSTRMA_NORM -
[-        ] NFC…FERENTIALABUNDANCE:PROTEUS -
[-        ] NFC…LABUNDANCE:GEOQUERY_GETGEO -
[-        ] NFC…ENTIALABUNDANCE:GUNZIP_GTF -
[07/737e74] NFC…E:GTF_TO_TABLE (nac_all16) | 1 of 1 ✔
[de/fa1ec4] NFC…ALIDATOR (samplesheet.csv) | 1 of 1 ✔
[c9/0d2232] NFC…M_MATRIXFILTER (nac_all16) | 0 of 1
[-        ] NFC…ERENTIAL_FILTER:LIMMA_NORM -
[-        ] NFC…_FILTER:LIMMA_DIFFERENTIAL -
[-        ] NFC…RENTIAL_FILTER:DESEQ2_NORM -
[-        ] NFC…FILTER:DESEQ2_DIFFERENTIAL -
[-        ] NFC…RENTIAL_FILTER:PROPR_PROPD -
[-        ] NFC…ERENTIAL_FILTER:DREAM_NORM -
[-        ] NFC…ER:VARIANCEPARTITION_DREAM -
[-        ] NFC…OM_FILTERDIFFERENTIALTABLE -
[-        ] NFC…ENTIALABUNDANCE:CSVTK_JOIN -
[-        ] NFC…ENRICHMENT:GPROFILER2_GOST -
[-        ] NFC…NT:CUSTOM_TABULARTOGSEAGCT -
Plus 10 more processes waiting for tasks…

executor >  local (3)
[-        ] NFC…IFFERENTIALABUNDANCE:UNTAR -
[-        ] NFC…ABUNDANCE:AFFY_JUSTRMA_RAW -
[-        ] NFC…BUNDANCE:AFFY_JUSTRMA_NORM -
[-        ] NFC…FERENTIALABUNDANCE:PROTEUS -
[-        ] NFC…LABUNDANCE:GEOQUERY_GETGEO -
[-        ] NFC…ENTIALABUNDANCE:GUNZIP_GTF -
[07/737e74] NFC…E:GTF_TO_TABLE (nac_all16) | 1 of 1 ✔
[de/fa1ec4] NFC…ALIDATOR (samplesheet.csv) | 1 of 1 ✔
[c9/0d2232] NFC…M_MATRIXFILTER (nac_all16) | 0 of 1
[-        ] NFC…ERENTIAL_FILTER:LIMMA_NORM -
[-        ] NFC…_FILTER:LIMMA_DIFFERENTIAL -
[-        ] NFC…RENTIAL_FILTER:DESEQ2_NORM -
[-        ] NFC…FILTER:DESEQ2_DIFFERENTIAL -
[-        ] NFC…RENTIAL_FILTER:PROPR_PROPD -
[-        ] NFC…ERENTIAL_FILTER:DREAM_NORM -
[-        ] NFC…ER:VARIANCEPARTITION_DREAM -
[-        ] NFC…OM_FILTERDIFFERENTIALTABLE -
[-        ] NFC…ENTIALABUNDANCE:CSVTK_JOIN -
[-        ] NFC…ENRICHMENT:GPROFILER2_GOST -
[-        ] NFC…NT:CUSTOM_TABULARTOGSEAGCT -
Plus 10 more processes waiting for tasks…

executor >  local (5)
[-        ] NFC…IFFERENTIALABUNDANCE:UNTAR -
[-        ] NFC…ABUNDANCE:AFFY_JUSTRMA_RAW -
[-        ] NFC…BUNDANCE:AFFY_JUSTRMA_NORM -
[-        ] NFC…FERENTIALABUNDANCE:PROTEUS -
[-        ] NFC…LABUNDANCE:GEOQUERY_GETGEO -
[-        ] NFC…ENTIALABUNDANCE:GUNZIP_GTF -
[07/737e74] NFC…E:GTF_TO_TABLE (nac_all16) | 1 of 1 ✔
[de/fa1ec4] NFC…ALIDATOR (samplesheet.csv) | 1 of 1 ✔
[c9/0d2232] NFC…M_MATRIXFILTER (nac_all16) | 1 of 1 ✔
[-        ] NFC…ERENTIAL_FILTER:LIMMA_NORM -
[-        ] NFC…_FILTER:LIMMA_DIFFERENTIAL -
[-        ] NFC…RENTIAL_FILTER:DESEQ2_NORM | 0 of 1
[f9/70b6ec] NFC…oxy_vs_Sham_Sal_nac_all16) | 0 of 5
[-        ] NFC…RENTIAL_FILTER:PROPR_PROPD -
[-        ] NFC…ERENTIAL_FILTER:DREAM_NORM -
[-        ] NFC…ER:VARIANCEPARTITION_DREAM -
[-        ] NFC…OM_FILTERDIFFERENTIALTABLE -
[-        ] NFC…ENTIALABUNDANCE:CSVTK_JOIN -
[-        ] NFC…ENRICHMENT:GPROFILER2_GOST -
[-        ] NFC…NT:CUSTOM_TABULARTOGSEAGCT -
Plus 10 more processes waiting for tasks…

executor >  local (7)
[-        ] NFC…IFFERENTIALABUNDANCE:UNTAR -
[-        ] NFC…ABUNDANCE:AFFY_JUSTRMA_RAW -
[-        ] NFC…BUNDANCE:AFFY_JUSTRMA_NORM -
[-        ] NFC…FERENTIALABUNDANCE:PROTEUS -
[-        ] NFC…LABUNDANCE:GEOQUERY_GETGEO -
[-        ] NFC…ENTIALABUNDANCE:GUNZIP_GTF -
[07/737e74] NFC…E:GTF_TO_TABLE (nac_all16) | 1 of 1 ✔
[de/fa1ec4] NFC…ALIDATOR (samplesheet.csv) | 1 of 1 ✔
[c9/0d2232] NFC…M_MATRIXFILTER (nac_all16) | 1 of 1 ✔
[-        ] NFC…ERENTIAL_FILTER:LIMMA_NORM -
[-        ] NFC…_FILTER:LIMMA_DIFFERENTIAL -
[81/4515c9] NFC…ER:DESEQ2_NORM (nac_all16) | 0 of 1
[7c/c171de] NFC…y_vs_sal_in_SNI_nac_all16) | 2 of 5
[-        ] NFC…RENTIAL_FILTER:PROPR_PROPD -
[-        ] NFC…ERENTIAL_FILTER:DREAM_NORM -
[-        ] NFC…ER:VARIANCEPARTITION_DREAM -
[-        ] NFC…OM_FILTERDIFFERENTIALTABLE | 0 of 2
[-        ] NFC…ENTIALABUNDANCE:CSVTK_JOIN -
[-        ] NFC…ENRICHMENT:GPROFILER2_GOST -
[-        ] NFC…NT:CUSTOM_TABULARTOGSEAGCT -
Plus 10 more processes waiting for tasks…

executor >  local (7)
[-        ] NFC…IFFERENTIALABUNDANCE:UNTAR -
[-        ] NFC…ABUNDANCE:AFFY_JUSTRMA_RAW -
[-        ] NFC…BUNDANCE:AFFY_JUSTRMA_NORM -
[-        ] NFC…FERENTIALABUNDANCE:PROTEUS -
[-        ] NFC…LABUNDANCE:GEOQUERY_GETGEO -
[-        ] NFC…ENTIALABUNDANCE:GUNZIP_GTF -
[07/737e74] NFC…E:GTF_TO_TABLE (nac_all16) | 1 of 1 ✔
[de/fa1ec4] NFC…ALIDATOR (samplesheet.csv) | 1 of 1 ✔
[c9/0d2232] NFC…M_MATRIXFILTER (nac_all16) | 1 of 1 ✔
[-        ] NFC…ERENTIAL_FILTER:LIMMA_NORM -
[-        ] NFC…_FILTER:LIMMA_DIFFERENTIAL -
[81/4515c9] NFC…ER:DESEQ2_NORM (nac_all16) | 0 of 1
[7c/c171de] NFC…y_vs_sal_in_SNI_nac_all16) | 2 of 5
[-        ] NFC…RENTIAL_FILTER:PROPR_PROPD -
[-        ] NFC…ERENTIAL_FILTER:DREAM_NORM -
[-        ] NFC…ER:VARIANCEPARTITION_DREAM -
[-        ] NFC…OM_FILTERDIFFERENTIALTABLE | 0 of 2
[-        ] NFC…ENTIALABUNDANCE:CSVTK_JOIN -
[-        ] NFC…ENRICHMENT:GPROFILER2_GOST -
[-        ] NFC…NT:CUSTOM_TABULARTOGSEAGCT -
Plus 10 more processes waiting for tasks…

executor >  local (8)
[-        ] NFC…IFFERENTIALABUNDANCE:UNTAR -
[-        ] NFC…ABUNDANCE:AFFY_JUSTRMA_RAW -
[-        ] NFC…BUNDANCE:AFFY_JUSTRMA_NORM -
[-        ] NFC…FERENTIALABUNDANCE:PROTEUS -
[-        ] NFC…LABUNDANCE:GEOQUERY_GETGEO -
[-        ] NFC…ENTIALABUNDANCE:GUNZIP_GTF -
[07/737e74] NFC…E:GTF_TO_TABLE (nac_all16) | 1 of 1 ✔
[de/fa1ec4] NFC…ALIDATOR (samplesheet.csv) | 1 of 1 ✔
[c9/0d2232] NFC…M_MATRIXFILTER (nac_all16) | 1 of 1 ✔
[-        ] NFC…ERENTIAL_FILTER:LIMMA_NORM -
[-        ] NFC…_FILTER:LIMMA_DIFFERENTIAL -
[81/4515c9] NFC…ER:DESEQ2_NORM (nac_all16) | 1 of 1 ✔
[ad/42f307] NFC…Sal_vs_Sham_Sal_nac_all16) | 2 of 5
[-        ] NFC…RENTIAL_FILTER:PROPR_PROPD -
[-        ] NFC…ERENTIAL_FILTER:DREAM_NORM -
[-        ] NFC…ER:VARIANCEPARTITION_DREAM -
[-        ] NFC…OM_FILTERDIFFERENTIALTABLE | 0 of 2
[-        ] NFC…ENTIALABUNDANCE:CSVTK_JOIN -
[-        ] NFC…ENRICHMENT:GPROFILER2_GOST -
[-        ] NFC…NT:CUSTOM_TABULARTOGSEAGCT -
Plus 10 more processes waiting for tasks…

executor >  local (9)
[-        ] NFC…IFFERENTIALABUNDANCE:UNTAR -
[-        ] NFC…ABUNDANCE:AFFY_JUSTRMA_RAW -
[-        ] NFC…BUNDANCE:AFFY_JUSTRMA_NORM -
[-        ] NFC…FERENTIALABUNDANCE:PROTEUS -
[-        ] NFC…LABUNDANCE:GEOQUERY_GETGEO -
[-        ] NFC…ENTIALABUNDANCE:GUNZIP_GTF -
[07/737e74] NFC…E:GTF_TO_TABLE (nac_all16) | 1 of 1 ✔
[de/fa1ec4] NFC…ALIDATOR (samplesheet.csv) | 1 of 1 ✔
[c9/0d2232] NFC…M_MATRIXFILTER (nac_all16) | 1 of 1 ✔
[-        ] NFC…ERENTIAL_FILTER:LIMMA_NORM -
[-        ] NFC…_FILTER:LIMMA_DIFFERENTIAL -
[81/4515c9] NFC…ER:DESEQ2_NORM (nac_all16) | 1 of 1 ✔
[b3/48e1b5] NFC…oxy_vs_Sham_Sal_nac_all16) | 3 of 5
[-        ] NFC…RENTIAL_FILTER:PROPR_PROPD -
[-        ] NFC…ERENTIAL_FILTER:DREAM_NORM -
[-        ] NFC…ER:VARIANCEPARTITION_DREAM -
[-        ] NFC…OM_FILTERDIFFERENTIALTABLE | 0 of 3
[-        ] NFC…ENTIALABUNDANCE:CSVTK_JOIN -
[-        ] NFC…ENRICHMENT:GPROFILER2_GOST -
[-        ] NFC…NT:CUSTOM_TABULARTOGSEAGCT -
[-        ] NFC…ABUNDANCE:PLOT_EXPLORATORY | 0 of 1
Plus 9 more processes waiting for tasks…

executor >  local (10)
[-        ] NFC…IFFERENTIALABUNDANCE:UNTAR -
[-        ] NFC…ABUNDANCE:AFFY_JUSTRMA_RAW -
[-        ] NFC…BUNDANCE:AFFY_JUSTRMA_NORM -
[-        ] NFC…FERENTIALABUNDANCE:PROTEUS -
[-        ] NFC…LABUNDANCE:GEOQUERY_GETGEO -
[-        ] NFC…ENTIALABUNDANCE:GUNZIP_GTF -
[07/737e74] NFC…E:GTF_TO_TABLE (nac_all16) | 1 of 1 ✔
[de/fa1ec4] NFC…ALIDATOR (samplesheet.csv) | 1 of 1 ✔
[c9/0d2232] NFC…M_MATRIXFILTER (nac_all16) | 1 of 1 ✔
[-        ] NFC…ERENTIAL_FILTER:LIMMA_NORM -
[-        ] NFC…_FILTER:LIMMA_DIFFERENTIAL -
[81/4515c9] NFC…ER:DESEQ2_NORM (nac_all16) | 1 of 1 ✔
[90/7cf858] NFC…_vs_sal_in_Sham_nac_all16) | 4 of 5
[-        ] NFC…RENTIAL_FILTER:PROPR_PROPD -
[-        ] NFC…ERENTIAL_FILTER:DREAM_NORM -
[-        ] NFC…ER:VARIANCEPARTITION_DREAM -
[96/5f316f] NFC…oxy_vs_Sham_Sal_nac_all16) | 0 of 4
[-        ] NFC…ENTIALABUNDANCE:CSVTK_JOIN -
[-        ] NFC…ENRICHMENT:GPROFILER2_GOST -
[-        ] NFC…NT:CUSTOM_TABULARTOGSEAGCT -
[-        ] NFC…ABUNDANCE:PLOT_EXPLORATORY | 0 of 1
Plus 9 more processes waiting for tasks…

executor >  local (11)
[-        ] NFC…IFFERENTIALABUNDANCE:UNTAR -
[-        ] NFC…ABUNDANCE:AFFY_JUSTRMA_RAW -
[-        ] NFC…BUNDANCE:AFFY_JUSTRMA_NORM -
[-        ] NFC…FERENTIALABUNDANCE:PROTEUS -
[-        ] NFC…LABUNDANCE:GEOQUERY_GETGEO -
[-        ] NFC…ENTIALABUNDANCE:GUNZIP_GTF -
[07/737e74] NFC…E:GTF_TO_TABLE (nac_all16) | 1 of 1 ✔
[de/fa1ec4] NFC…ALIDATOR (samplesheet.csv) | 1 of 1 ✔
[c9/0d2232] NFC…M_MATRIXFILTER (nac_all16) | 1 of 1 ✔
[-        ] NFC…ERENTIAL_FILTER:LIMMA_NORM -
[-        ] NFC…_FILTER:LIMMA_DIFFERENTIAL -
[81/4515c9] NFC…ER:DESEQ2_NORM (nac_all16) | 1 of 1 ✔
[ad/42f307] NFC…Sal_vs_Sham_Sal_nac_all16) | 5 of 5 ✔
[-        ] NFC…RENTIAL_FILTER:PROPR_PROPD -
[-        ] NFC…ERENTIAL_FILTER:DREAM_NORM -
[-        ] NFC…ER:VARIANCEPARTITION_DREAM -
[d6/d1228c] NFC…y_vs_sal_in_SNI_nac_all16) | 0 of 5
[-        ] NFC…ENTIALABUNDANCE:CSVTK_JOIN | 0 of 5
[-        ] NFC…ENRICHMENT:GPROFILER2_GOST -
[-        ] NFC…NT:CUSTOM_TABULARTOGSEAGCT -
[-        ] NFC…ABUNDANCE:PLOT_EXPLORATORY | 0 of 1
[-        ] NFC…BUNDANCE:PLOT_DIFFERENTIAL | 0 of 5
[-        ] NFC…TIALABUNDANCE:SHINYNGS_APP | 0 of 1
Plus 7 more processes waiting for tasks…

executor >  local (12)
[-        ] NFC…IFFERENTIALABUNDANCE:UNTAR -
[-        ] NFC…ABUNDANCE:AFFY_JUSTRMA_RAW -
[-        ] NFC…BUNDANCE:AFFY_JUSTRMA_NORM -
[-        ] NFC…FERENTIALABUNDANCE:PROTEUS -
[-        ] NFC…LABUNDANCE:GEOQUERY_GETGEO -
[-        ] NFC…ENTIALABUNDANCE:GUNZIP_GTF -
[07/737e74] NFC…E:GTF_TO_TABLE (nac_all16) | 1 of 1 ✔
[de/fa1ec4] NFC…ALIDATOR (samplesheet.csv) | 1 of 1 ✔
[c9/0d2232] NFC…M_MATRIXFILTER (nac_all16) | 1 of 1 ✔
[-        ] NFC…ERENTIAL_FILTER:LIMMA_NORM -
[-        ] NFC…_FILTER:LIMMA_DIFFERENTIAL -
[81/4515c9] NFC…ER:DESEQ2_NORM (nac_all16) | 1 of 1 ✔
[ad/42f307] NFC…Sal_vs_Sham_Sal_nac_all16) | 5 of 5 ✔
[-        ] NFC…RENTIAL_FILTER:PROPR_PROPD -
[-        ] NFC…ERENTIAL_FILTER:DREAM_NORM -
[-        ] NFC…ER:VARIANCEPARTITION_DREAM -
[b9/669863] NFC…oxy_vs_Sham_Sal_nac_all16) | 1 of 5
[-        ] NFC…ENTIALABUNDANCE:CSVTK_JOIN | 0 of 5
[-        ] NFC…ENRICHMENT:GPROFILER2_GOST -
[-        ] NFC…NT:CUSTOM_TABULARTOGSEAGCT -
[-        ] NFC…ABUNDANCE:PLOT_EXPLORATORY | 0 of 1
[-        ] NFC…BUNDANCE:PLOT_DIFFERENTIAL | 0 of 5
[-        ] NFC…TIALABUNDANCE:SHINYNGS_APP | 0 of 1
Plus 7 more processes waiting for tasks…

executor >  local (13)
[-        ] NFC…IFFERENTIALABUNDANCE:UNTAR -
[-        ] NFC…ABUNDANCE:AFFY_JUSTRMA_RAW -
[-        ] NFC…BUNDANCE:AFFY_JUSTRMA_NORM -
[-        ] NFC…FERENTIALABUNDANCE:PROTEUS -
[-        ] NFC…LABUNDANCE:GEOQUERY_GETGEO -
[-        ] NFC…ENTIALABUNDANCE:GUNZIP_GTF -
[07/737e74] NFC…E:GTF_TO_TABLE (nac_all16) | 1 of 1 ✔
[de/fa1ec4] NFC…ALIDATOR (samplesheet.csv) | 1 of 1 ✔
[c9/0d2232] NFC…M_MATRIXFILTER (nac_all16) | 1 of 1 ✔
[-        ] NFC…ERENTIAL_FILTER:LIMMA_NORM -
[-        ] NFC…_FILTER:LIMMA_DIFFERENTIAL -
[81/4515c9] NFC…ER:DESEQ2_NORM (nac_all16) | 1 of 1 ✔
[ad/42f307] NFC…Sal_vs_Sham_Sal_nac_all16) | 5 of 5 ✔
[-        ] NFC…RENTIAL_FILTER:PROPR_PROPD -
[-        ] NFC…ERENTIAL_FILTER:DREAM_NORM -
[-        ] NFC…ER:VARIANCEPARTITION_DREAM -
[4f/ea7b89] NFC…_vs_sal_in_Sham_nac_all16) | 2 of 5
[-        ] NFC…ENTIALABUNDANCE:CSVTK_JOIN | 0 of 5
[-        ] NFC…ENRICHMENT:GPROFILER2_GOST -
[-        ] NFC…NT:CUSTOM_TABULARTOGSEAGCT -
[-        ] NFC…ABUNDANCE:PLOT_EXPLORATORY | 0 of 1
[-        ] NFC…BUNDANCE:PLOT_DIFFERENTIAL | 0 of 5
[-        ] NFC…TIALABUNDANCE:SHINYNGS_APP | 0 of 1
Plus 7 more processes waiting for tasks…

executor >  local (14)
[-        ] NFC…IFFERENTIALABUNDANCE:UNTAR -
[-        ] NFC…ABUNDANCE:AFFY_JUSTRMA_RAW -
[-        ] NFC…BUNDANCE:AFFY_JUSTRMA_NORM -
[-        ] NFC…FERENTIALABUNDANCE:PROTEUS -
[-        ] NFC…LABUNDANCE:GEOQUERY_GETGEO -
[-        ] NFC…ENTIALABUNDANCE:GUNZIP_GTF -
[07/737e74] NFC…E:GTF_TO_TABLE (nac_all16) | 1 of 1 ✔
[de/fa1ec4] NFC…ALIDATOR (samplesheet.csv) | 1 of 1 ✔
[c9/0d2232] NFC…M_MATRIXFILTER (nac_all16) | 1 of 1 ✔
[-        ] NFC…ERENTIAL_FILTER:LIMMA_NORM -
[-        ] NFC…_FILTER:LIMMA_DIFFERENTIAL -
[81/4515c9] NFC…ER:DESEQ2_NORM (nac_all16) | 1 of 1 ✔
[ad/42f307] NFC…Sal_vs_Sham_Sal_nac_all16) | 5 of 5 ✔
[-        ] NFC…RENTIAL_FILTER:PROPR_PROPD -
[-        ] NFC…ERENTIAL_FILTER:DREAM_NORM -
[-        ] NFC…ER:VARIANCEPARTITION_DREAM -
[b9/669863] NFC…oxy_vs_Sham_Sal_nac_all16) | 3 of 5
[-        ] NFC…ENTIALABUNDANCE:CSVTK_JOIN | 0 of 5
[-        ] NFC…ENRICHMENT:GPROFILER2_GOST -
[-        ] NFC…NT:CUSTOM_TABULARTOGSEAGCT -
[-        ] NFC…ABUNDANCE:PLOT_EXPLORATORY | 0 of 1
[-        ] NFC…BUNDANCE:PLOT_DIFFERENTIAL | 0 of 5
[-        ] NFC…TIALABUNDANCE:SHINYNGS_APP | 0 of 1
Plus 7 more processes waiting for tasks…

executor >  local (14)
[-        ] NFC…IFFERENTIALABUNDANCE:UNTAR -
[-        ] NFC…ABUNDANCE:AFFY_JUSTRMA_RAW -
[-        ] NFC…BUNDANCE:AFFY_JUSTRMA_NORM -
[-        ] NFC…FERENTIALABUNDANCE:PROTEUS -
[-        ] NFC…LABUNDANCE:GEOQUERY_GETGEO -
[-        ] NFC…ENTIALABUNDANCE:GUNZIP_GTF -
[07/737e74] NFC…E:GTF_TO_TABLE (nac_all16) | 1 of 1 ✔
[de/fa1ec4] NFC…ALIDATOR (samplesheet.csv) | 1 of 1 ✔
[c9/0d2232] NFC…M_MATRIXFILTER (nac_all16) | 1 of 1 ✔
[-        ] NFC…ERENTIAL_FILTER:LIMMA_NORM -
[-        ] NFC…_FILTER:LIMMA_DIFFERENTIAL -
[81/4515c9] NFC…ER:DESEQ2_NORM (nac_all16) | 1 of 1 ✔
[ad/42f307] NFC…Sal_vs_Sham_Sal_nac_all16) | 5 of 5 ✔
[-        ] NFC…RENTIAL_FILTER:PROPR_PROPD -
[-        ] NFC…ERENTIAL_FILTER:DREAM_NORM -
[-        ] NFC…ER:VARIANCEPARTITION_DREAM -
[b9/669863] NFC…oxy_vs_Sham_Sal_nac_all16) | 3 of 5
[-        ] NFC…ENTIALABUNDANCE:CSVTK_JOIN | 0 of 5
[-        ] NFC…ENRICHMENT:GPROFILER2_GOST -
[-        ] NFC…NT:CUSTOM_TABULARTOGSEAGCT -
[-        ] NFC…ABUNDANCE:PLOT_EXPLORATORY | 0 of 1
[-        ] NFC…BUNDANCE:PLOT_DIFFERENTIAL | 0 of 5
[-        ] NFC…TIALABUNDANCE:SHINYNGS_APP | 0 of 1
Plus 7 more processes waiting for tasks…

executor >  local (15)
[-        ] NFC…IFFERENTIALABUNDANCE:UNTAR -
[-        ] NFC…ABUNDANCE:AFFY_JUSTRMA_RAW -
[-        ] NFC…BUNDANCE:AFFY_JUSTRMA_NORM -
[-        ] NFC…FERENTIALABUNDANCE:PROTEUS -
[-        ] NFC…LABUNDANCE:GEOQUERY_GETGEO -
[-        ] NFC…ENTIALABUNDANCE:GUNZIP_GTF -
[07/737e74] NFC…E:GTF_TO_TABLE (nac_all16) | 1 of 1 ✔
[de/fa1ec4] NFC…ALIDATOR (samplesheet.csv) | 1 of 1 ✔
[c9/0d2232] NFC…M_MATRIXFILTER (nac_all16) | 1 of 1 ✔
[-        ] NFC…ERENTIAL_FILTER:LIMMA_NORM -
[-        ] NFC…_FILTER:LIMMA_DIFFERENTIAL -
[81/4515c9] NFC…ER:DESEQ2_NORM (nac_all16) | 1 of 1 ✔
[ad/42f307] NFC…Sal_vs_Sham_Sal_nac_all16) | 5 of 5 ✔
[-        ] NFC…RENTIAL_FILTER:PROPR_PROPD -
[-        ] NFC…ERENTIAL_FILTER:DREAM_NORM -
[-        ] NFC…ER:VARIANCEPARTITION_DREAM -
[4f/ea7b89] NFC…_vs_sal_in_Sham_nac_all16) | 4 of 5
[bd/8bbbce] NFC…Sal_vs_Sham_Sal_nac_all16) | 0 of 5
[-        ] NFC…ENRICHMENT:GPROFILER2_GOST -
[-        ] NFC…NT:CUSTOM_TABULARTOGSEAGCT -
[-        ] NFC…ABUNDANCE:PLOT_EXPLORATORY | 0 of 1
[-        ] NFC…BUNDANCE:PLOT_DIFFERENTIAL | 0 of 5
[-        ] NFC…TIALABUNDANCE:SHINYNGS_APP | 0 of 1
Plus 7 more processes waiting for tasks…

executor >  local (15)
[-        ] NFC…IFFERENTIALABUNDANCE:UNTAR -
[-        ] NFC…ABUNDANCE:AFFY_JUSTRMA_RAW -
[-        ] NFC…BUNDANCE:AFFY_JUSTRMA_NORM -
[-        ] NFC…FERENTIALABUNDANCE:PROTEUS -
[-        ] NFC…LABUNDANCE:GEOQUERY_GETGEO -
[-        ] NFC…ENTIALABUNDANCE:GUNZIP_GTF -
[07/737e74] NFC…E:GTF_TO_TABLE (nac_all16) | 1 of 1 ✔
[de/fa1ec4] NFC…ALIDATOR (samplesheet.csv) | 1 of 1 ✔
[c9/0d2232] NFC…M_MATRIXFILTER (nac_all16) | 1 of 1 ✔
[-        ] NFC…ERENTIAL_FILTER:LIMMA_NORM -
[-        ] NFC…_FILTER:LIMMA_DIFFERENTIAL -
[81/4515c9] NFC…ER:DESEQ2_NORM (nac_all16) | 1 of 1 ✔
[ad/42f307] NFC…Sal_vs_Sham_Sal_nac_all16) | 5 of 5 ✔
[-        ] NFC…RENTIAL_FILTER:PROPR_PROPD -
[-        ] NFC…ERENTIAL_FILTER:DREAM_NORM -
[-        ] NFC…ER:VARIANCEPARTITION_DREAM -
[4f/ea7b89] NFC…_vs_sal_in_Sham_nac_all16) | 4 of 5
[bd/8bbbce] NFC…Sal_vs_Sham_Sal_nac_all16) | 0 of 5
[-        ] NFC…ENRICHMENT:GPROFILER2_GOST -
[-        ] NFC…NT:CUSTOM_TABULARTOGSEAGCT -
[-        ] NFC…ABUNDANCE:PLOT_EXPLORATORY | 0 of 1
[-        ] NFC…BUNDANCE:PLOT_DIFFERENTIAL | 0 of 5
[-        ] NFC…TIALABUNDANCE:SHINYNGS_APP | 0 of 1
Plus 7 more processes waiting for tasks…

executor >  local (16)
[-        ] NFC…IFFERENTIALABUNDANCE:UNTAR -
[-        ] NFC…ABUNDANCE:AFFY_JUSTRMA_RAW -
[-        ] NFC…BUNDANCE:AFFY_JUSTRMA_NORM -
[-        ] NFC…FERENTIALABUNDANCE:PROTEUS -
[-        ] NFC…LABUNDANCE:GEOQUERY_GETGEO -
[-        ] NFC…ENTIALABUNDANCE:GUNZIP_GTF -
[07/737e74] NFC…E:GTF_TO_TABLE (nac_all16) | 1 of 1 ✔
[de/fa1ec4] NFC…ALIDATOR (samplesheet.csv) | 1 of 1 ✔
[c9/0d2232] NFC…M_MATRIXFILTER (nac_all16) | 1 of 1 ✔
[-        ] NFC…ERENTIAL_FILTER:LIMMA_NORM -
[-        ] NFC…_FILTER:LIMMA_DIFFERENTIAL -
[81/4515c9] NFC…ER:DESEQ2_NORM (nac_all16) | 1 of 1 ✔
[ad/42f307] NFC…Sal_vs_Sham_Sal_nac_all16) | 5 of 5 ✔
[-        ] NFC…RENTIAL_FILTER:PROPR_PROPD -
[-        ] NFC…ERENTIAL_FILTER:DREAM_NORM -
[-        ] NFC…ER:VARIANCEPARTITION_DREAM -
[ca/86d84c] NFC…Sal_vs_Sham_Sal_nac_all16) | 5 of 5 ✔
[ca/248db1] NFC…y_vs_sal_in_SNI_nac_all16) | 0 of 5
[-        ] NFC…ENRICHMENT:GPROFILER2_GOST -
[-        ] NFC…NT:CUSTOM_TABULARTOGSEAGCT -
[-        ] NFC…ABUNDANCE:PLOT_EXPLORATORY | 0 of 1
[-        ] NFC…BUNDANCE:PLOT_DIFFERENTIAL | 0 of 5
[-        ] NFC…TIALABUNDANCE:SHINYNGS_APP | 0 of 1
Plus 7 more processes waiting for tasks…

executor >  local (17)
[-        ] NFC…IFFERENTIALABUNDANCE:UNTAR -
[-        ] NFC…ABUNDANCE:AFFY_JUSTRMA_RAW -
[-        ] NFC…BUNDANCE:AFFY_JUSTRMA_NORM -
[-        ] NFC…FERENTIALABUNDANCE:PROTEUS -
[-        ] NFC…LABUNDANCE:GEOQUERY_GETGEO -
[-        ] NFC…ENTIALABUNDANCE:GUNZIP_GTF -
[07/737e74] NFC…E:GTF_TO_TABLE (nac_all16) | 1 of 1 ✔
[de/fa1ec4] NFC…ALIDATOR (samplesheet.csv) | 1 of 1 ✔
[c9/0d2232] NFC…M_MATRIXFILTER (nac_all16) | 1 of 1 ✔
[-        ] NFC…ERENTIAL_FILTER:LIMMA_NORM -
[-        ] NFC…_FILTER:LIMMA_DIFFERENTIAL -
[81/4515c9] NFC…ER:DESEQ2_NORM (nac_all16) | 1 of 1 ✔
[ad/42f307] NFC…Sal_vs_Sham_Sal_nac_all16) | 5 of 5 ✔
[-        ] NFC…RENTIAL_FILTER:PROPR_PROPD -
[-        ] NFC…ERENTIAL_FILTER:DREAM_NORM -
[-        ] NFC…ER:VARIANCEPARTITION_DREAM -
[ca/86d84c] NFC…Sal_vs_Sham_Sal_nac_all16) | 5 of 5 ✔
[66/9797dc] NFC…oxy_vs_Sham_Sal_nac_all16) | 1 of 5
[-        ] NFC…ENRICHMENT:GPROFILER2_GOST -
[-        ] NFC…NT:CUSTOM_TABULARTOGSEAGCT -
[-        ] NFC…ABUNDANCE:PLOT_EXPLORATORY | 0 of 1
[-        ] NFC…BUNDANCE:PLOT_DIFFERENTIAL | 0 of 5
[-        ] NFC…TIALABUNDANCE:SHINYNGS_APP | 0 of 1
Plus 7 more processes waiting for tasks…

executor >  local (18)
[-        ] NFC…IFFERENTIALABUNDANCE:UNTAR -
[-        ] NFC…ABUNDANCE:AFFY_JUSTRMA_RAW -
[-        ] NFC…BUNDANCE:AFFY_JUSTRMA_NORM -
[-        ] NFC…FERENTIALABUNDANCE:PROTEUS -
[-        ] NFC…LABUNDANCE:GEOQUERY_GETGEO -
[-        ] NFC…ENTIALABUNDANCE:GUNZIP_GTF -
[07/737e74] NFC…E:GTF_TO_TABLE (nac_all16) | 1 of 1 ✔
[de/fa1ec4] NFC…ALIDATOR (samplesheet.csv) | 1 of 1 ✔
[c9/0d2232] NFC…M_MATRIXFILTER (nac_all16) | 1 of 1 ✔
[-        ] NFC…ERENTIAL_FILTER:LIMMA_NORM -
[-        ] NFC…_FILTER:LIMMA_DIFFERENTIAL -
[81/4515c9] NFC…ER:DESEQ2_NORM (nac_all16) | 1 of 1 ✔
[ad/42f307] NFC…Sal_vs_Sham_Sal_nac_all16) | 5 of 5 ✔
[-        ] NFC…RENTIAL_FILTER:PROPR_PROPD -
[-        ] NFC…ERENTIAL_FILTER:DREAM_NORM -
[-        ] NFC…ER:VARIANCEPARTITION_DREAM -
[ca/86d84c] NFC…Sal_vs_Sham_Sal_nac_all16) | 5 of 5 ✔
[1b/dc4335] NFC…oxy_vs_Sham_Sal_nac_all16) | 2 of 5
[-        ] NFC…ENRICHMENT:GPROFILER2_GOST -
[-        ] NFC…NT:CUSTOM_TABULARTOGSEAGCT -
[-        ] NFC…ABUNDANCE:PLOT_EXPLORATORY | 0 of 1
[-        ] NFC…BUNDANCE:PLOT_DIFFERENTIAL | 0 of 5
[-        ] NFC…TIALABUNDANCE:SHINYNGS_APP | 0 of 1
Plus 7 more processes waiting for tasks…

executor >  local (19)
[-        ] NFC…IFFERENTIALABUNDANCE:UNTAR -
[-        ] NFC…ABUNDANCE:AFFY_JUSTRMA_RAW -
[-        ] NFC…BUNDANCE:AFFY_JUSTRMA_NORM -
[-        ] NFC…FERENTIALABUNDANCE:PROTEUS -
[-        ] NFC…LABUNDANCE:GEOQUERY_GETGEO -
[-        ] NFC…ENTIALABUNDANCE:GUNZIP_GTF -
[07/737e74] NFC…E:GTF_TO_TABLE (nac_all16) | 1 of 1 ✔
[de/fa1ec4] NFC…ALIDATOR (samplesheet.csv) | 1 of 1 ✔
[c9/0d2232] NFC…M_MATRIXFILTER (nac_all16) | 1 of 1 ✔
[-        ] NFC…ERENTIAL_FILTER:LIMMA_NORM -
[-        ] NFC…_FILTER:LIMMA_DIFFERENTIAL -
[81/4515c9] NFC…ER:DESEQ2_NORM (nac_all16) | 1 of 1 ✔
[ad/42f307] NFC…Sal_vs_Sham_Sal_nac_all16) | 5 of 5 ✔
[-        ] NFC…RENTIAL_FILTER:PROPR_PROPD -
[-        ] NFC…ERENTIAL_FILTER:DREAM_NORM -
[-        ] NFC…ER:VARIANCEPARTITION_DREAM -
[ca/86d84c] NFC…Sal_vs_Sham_Sal_nac_all16) | 5 of 5 ✔
[87/436770] NFC…_vs_sal_in_Sham_nac_all16) | 3 of 5
[-        ] NFC…ENRICHMENT:GPROFILER2_GOST -
[-        ] NFC…NT:CUSTOM_TABULARTOGSEAGCT -
[-        ] NFC…ABUNDANCE:PLOT_EXPLORATORY | 0 of 1
[-        ] NFC…BUNDANCE:PLOT_DIFFERENTIAL | 0 of 5
[-        ] NFC…TIALABUNDANCE:SHINYNGS_APP | 0 of 1
Plus 7 more processes waiting for tasks…

executor >  local (20)
[-        ] NFC…IFFERENTIALABUNDANCE:UNTAR -
[-        ] NFC…ABUNDANCE:AFFY_JUSTRMA_RAW -
[-        ] NFC…BUNDANCE:AFFY_JUSTRMA_NORM -
[-        ] NFC…FERENTIALABUNDANCE:PROTEUS -
[-        ] NFC…LABUNDANCE:GEOQUERY_GETGEO -
[-        ] NFC…ENTIALABUNDANCE:GUNZIP_GTF -
[07/737e74] NFC…E:GTF_TO_TABLE (nac_all16) | 1 of 1 ✔
[de/fa1ec4] NFC…ALIDATOR (samplesheet.csv) | 1 of 1 ✔
[c9/0d2232] NFC…M_MATRIXFILTER (nac_all16) | 1 of 1 ✔
[-        ] NFC…ERENTIAL_FILTER:LIMMA_NORM -
[-        ] NFC…_FILTER:LIMMA_DIFFERENTIAL -
[81/4515c9] NFC…ER:DESEQ2_NORM (nac_all16) | 1 of 1 ✔
[ad/42f307] NFC…Sal_vs_Sham_Sal_nac_all16) | 5 of 5 ✔
[-        ] NFC…RENTIAL_FILTER:PROPR_PROPD -
[-        ] NFC…ERENTIAL_FILTER:DREAM_NORM -
[-        ] NFC…ER:VARIANCEPARTITION_DREAM -
[ca/86d84c] NFC…Sal_vs_Sham_Sal_nac_all16) | 5 of 5 ✔
[87/436770] NFC…_vs_sal_in_Sham_nac_all16) | 5 of 5 ✔
[-        ] NFC…ENRICHMENT:GPROFILER2_GOST -
[-        ] NFC…NT:CUSTOM_TABULARTOGSEAGCT -
[f1/f0a9be] NFC…OT_EXPLORATORY (Condition) | 0 of 1
[-        ] NFC…BUNDANCE:PLOT_DIFFERENTIAL | 0 of 5
[-        ] NFC…TIALABUNDANCE:SHINYNGS_APP | 0 of 1
Plus 7 more processes waiting for tasks…

executor >  local (20)
[-        ] NFC…IFFERENTIALABUNDANCE:UNTAR -
[-        ] NFC…ABUNDANCE:AFFY_JUSTRMA_RAW -
[-        ] NFC…BUNDANCE:AFFY_JUSTRMA_NORM -
[-        ] NFC…FERENTIALABUNDANCE:PROTEUS -
[-        ] NFC…LABUNDANCE:GEOQUERY_GETGEO -
[-        ] NFC…ENTIALABUNDANCE:GUNZIP_GTF -
[07/737e74] NFC…E:GTF_TO_TABLE (nac_all16) | 1 of 1 ✔
[de/fa1ec4] NFC…ALIDATOR (samplesheet.csv) | 1 of 1 ✔
[c9/0d2232] NFC…M_MATRIXFILTER (nac_all16) | 1 of 1 ✔
[-        ] NFC…ERENTIAL_FILTER:LIMMA_NORM -
[-        ] NFC…_FILTER:LIMMA_DIFFERENTIAL -
[81/4515c9] NFC…ER:DESEQ2_NORM (nac_all16) | 1 of 1 ✔
[ad/42f307] NFC…Sal_vs_Sham_Sal_nac_all16) | 5 of 5 ✔
[-        ] NFC…RENTIAL_FILTER:PROPR_PROPD -
[-        ] NFC…ERENTIAL_FILTER:DREAM_NORM -
[-        ] NFC…ER:VARIANCEPARTITION_DREAM -
[ca/86d84c] NFC…Sal_vs_Sham_Sal_nac_all16) | 5 of 5 ✔
[87/436770] NFC…_vs_sal_in_Sham_nac_all16) | 5 of 5 ✔
[-        ] NFC…ENRICHMENT:GPROFILER2_GOST -
[-        ] NFC…NT:CUSTOM_TABULARTOGSEAGCT -
[f1/f0a9be] NFC…OT_EXPLORATORY (Condition) | 0 of 1
[-        ] NFC…BUNDANCE:PLOT_DIFFERENTIAL | 0 of 5
[-        ] NFC…TIALABUNDANCE:SHINYNGS_APP | 0 of 1
Plus 7 more processes waiting for tasks…

executor >  local (21)
[-        ] NFC…IFFERENTIALABUNDANCE:UNTAR -
[-        ] NFC…ABUNDANCE:AFFY_JUSTRMA_RAW -
[-        ] NFC…BUNDANCE:AFFY_JUSTRMA_NORM -
[-        ] NFC…FERENTIALABUNDANCE:PROTEUS -
[-        ] NFC…LABUNDANCE:GEOQUERY_GETGEO -
[-        ] NFC…ENTIALABUNDANCE:GUNZIP_GTF -
[07/737e74] NFC…E:GTF_TO_TABLE (nac_all16) | 1 of 1 ✔
[de/fa1ec4] NFC…ALIDATOR (samplesheet.csv) | 1 of 1 ✔
[c9/0d2232] NFC…M_MATRIXFILTER (nac_all16) | 1 of 1 ✔
[-        ] NFC…ERENTIAL_FILTER:LIMMA_NORM -
[-        ] NFC…_FILTER:LIMMA_DIFFERENTIAL -
[81/4515c9] NFC…ER:DESEQ2_NORM (nac_all16) | 1 of 1 ✔
[ad/42f307] NFC…Sal_vs_Sham_Sal_nac_all16) | 5 of 5 ✔
[-        ] NFC…RENTIAL_FILTER:PROPR_PROPD -
[-        ] NFC…ERENTIAL_FILTER:DREAM_NORM -
[-        ] NFC…ER:VARIANCEPARTITION_DREAM -
[ca/86d84c] NFC…Sal_vs_Sham_Sal_nac_all16) | 5 of 5 ✔
[87/436770] NFC…_vs_sal_in_Sham_nac_all16) | 5 of 5 ✔
[-        ] NFC…ENRICHMENT:GPROFILER2_GOST -
[-        ] NFC…NT:CUSTOM_TABULARTOGSEAGCT -
[f1/f0a9be] NFC…OT_EXPLORATORY (Condition) | 1 of 1 ✔
[bd/2c633b] NFC…oxy_vs_Sham_Sal_nac_all16) | 0 of 5
[-        ] NFC…TIALABUNDANCE:SHINYNGS_APP | 0 of 1
Plus 7 more processes waiting for tasks…

executor >  local (22)
[-        ] NFC…IFFERENTIALABUNDANCE:UNTAR -
[-        ] NFC…ABUNDANCE:AFFY_JUSTRMA_RAW -
[-        ] NFC…BUNDANCE:AFFY_JUSTRMA_NORM -
[-        ] NFC…FERENTIALABUNDANCE:PROTEUS -
[-        ] NFC…LABUNDANCE:GEOQUERY_GETGEO -
[-        ] NFC…ENTIALABUNDANCE:GUNZIP_GTF -
[07/737e74] NFC…E:GTF_TO_TABLE (nac_all16) | 1 of 1 ✔
[de/fa1ec4] NFC…ALIDATOR (samplesheet.csv) | 1 of 1 ✔
[c9/0d2232] NFC…M_MATRIXFILTER (nac_all16) | 1 of 1 ✔
[-        ] NFC…ERENTIAL_FILTER:LIMMA_NORM -
[-        ] NFC…_FILTER:LIMMA_DIFFERENTIAL -
[81/4515c9] NFC…ER:DESEQ2_NORM (nac_all16) | 1 of 1 ✔
[ad/42f307] NFC…Sal_vs_Sham_Sal_nac_all16) | 5 of 5 ✔
[-        ] NFC…RENTIAL_FILTER:PROPR_PROPD -
[-        ] NFC…ERENTIAL_FILTER:DREAM_NORM -
[-        ] NFC…ER:VARIANCEPARTITION_DREAM -
[ca/86d84c] NFC…Sal_vs_Sham_Sal_nac_all16) | 5 of 5 ✔
[87/436770] NFC…_vs_sal_in_Sham_nac_all16) | 5 of 5 ✔
[-        ] NFC…ENRICHMENT:GPROFILER2_GOST -
[-        ] NFC…NT:CUSTOM_TABULARTOGSEAGCT -
[f1/f0a9be] NFC…OT_EXPLORATORY (Condition) | 1 of 1 ✔
[45/ff3b90] NFC…oxy_vs_Sham_Sal_nac_all16) | 1 of 5
[-        ] NFC…TIALABUNDANCE:SHINYNGS_APP | 0 of 1
Plus 7 more processes waiting for tasks…

executor >  local (22)
[-        ] NFC…IFFERENTIALABUNDANCE:UNTAR -
[-        ] NFC…ABUNDANCE:AFFY_JUSTRMA_RAW -
[-        ] NFC…BUNDANCE:AFFY_JUSTRMA_NORM -
[-        ] NFC…FERENTIALABUNDANCE:PROTEUS -
[-        ] NFC…LABUNDANCE:GEOQUERY_GETGEO -
[-        ] NFC…ENTIALABUNDANCE:GUNZIP_GTF -
[07/737e74] NFC…E:GTF_TO_TABLE (nac_all16) | 1 of 1 ✔
[de/fa1ec4] NFC…ALIDATOR (samplesheet.csv) | 1 of 1 ✔
[c9/0d2232] NFC…M_MATRIXFILTER (nac_all16) | 1 of 1 ✔
[-        ] NFC…ERENTIAL_FILTER:LIMMA_NORM -
[-        ] NFC…_FILTER:LIMMA_DIFFERENTIAL -
[81/4515c9] NFC…ER:DESEQ2_NORM (nac_all16) | 1 of 1 ✔
[ad/42f307] NFC…Sal_vs_Sham_Sal_nac_all16) | 5 of 5 ✔
[-        ] NFC…RENTIAL_FILTER:PROPR_PROPD -
[-        ] NFC…ERENTIAL_FILTER:DREAM_NORM -
[-        ] NFC…ER:VARIANCEPARTITION_DREAM -
[ca/86d84c] NFC…Sal_vs_Sham_Sal_nac_all16) | 5 of 5 ✔
[87/436770] NFC…_vs_sal_in_Sham_nac_all16) | 5 of 5 ✔
[-        ] NFC…ENRICHMENT:GPROFILER2_GOST -
[-        ] NFC…NT:CUSTOM_TABULARTOGSEAGCT -
[f1/f0a9be] NFC…OT_EXPLORATORY (Condition) | 1 of 1 ✔
[45/ff3b90] NFC…oxy_vs_Sham_Sal_nac_all16) | 1 of 5
[-        ] NFC…TIALABUNDANCE:SHINYNGS_APP | 0 of 1
Plus 7 more processes waiting for tasks…

executor >  local (23)
[-        ] NFC…IFFERENTIALABUNDANCE:UNTAR -
[-        ] NFC…ABUNDANCE:AFFY_JUSTRMA_RAW -
[-        ] NFC…BUNDANCE:AFFY_JUSTRMA_NORM -
[-        ] NFC…FERENTIALABUNDANCE:PROTEUS -
[-        ] NFC…LABUNDANCE:GEOQUERY_GETGEO -
[-        ] NFC…ENTIALABUNDANCE:GUNZIP_GTF -
[07/737e74] NFC…E:GTF_TO_TABLE (nac_all16) | 1 of 1 ✔
[de/fa1ec4] NFC…ALIDATOR (samplesheet.csv) | 1 of 1 ✔
[c9/0d2232] NFC…M_MATRIXFILTER (nac_all16) | 1 of 1 ✔
[-        ] NFC…ERENTIAL_FILTER:LIMMA_NORM -
[-        ] NFC…_FILTER:LIMMA_DIFFERENTIAL -
[81/4515c9] NFC…ER:DESEQ2_NORM (nac_all16) | 1 of 1 ✔
[ad/42f307] NFC…Sal_vs_Sham_Sal_nac_all16) | 5 of 5 ✔
[-        ] NFC…RENTIAL_FILTER:PROPR_PROPD -
[-        ] NFC…ERENTIAL_FILTER:DREAM_NORM -
[-        ] NFC…ER:VARIANCEPARTITION_DREAM -
[ca/86d84c] NFC…Sal_vs_Sham_Sal_nac_all16) | 5 of 5 ✔
[87/436770] NFC…_vs_sal_in_Sham_nac_all16) | 5 of 5 ✔
[-        ] NFC…ENRICHMENT:GPROFILER2_GOST -
[-        ] NFC…NT:CUSTOM_TABULARTOGSEAGCT -
[f1/f0a9be] NFC…OT_EXPLORATORY (Condition) | 1 of 1 ✔
[31/7e1cea] NFC…y_vs_sal_in_SNI_nac_all16) | 2 of 5
[-        ] NFC…TIALABUNDANCE:SHINYNGS_APP | 0 of 1
Plus 7 more processes waiting for tasks…

executor >  local (24)
[-        ] NFC…IFFERENTIALABUNDANCE:UNTAR -
[-        ] NFC…ABUNDANCE:AFFY_JUSTRMA_RAW -
[-        ] NFC…BUNDANCE:AFFY_JUSTRMA_NORM -
[-        ] NFC…FERENTIALABUNDANCE:PROTEUS -
[-        ] NFC…LABUNDANCE:GEOQUERY_GETGEO -
[-        ] NFC…ENTIALABUNDANCE:GUNZIP_GTF -
[07/737e74] NFC…E:GTF_TO_TABLE (nac_all16) | 1 of 1 ✔
[de/fa1ec4] NFC…ALIDATOR (samplesheet.csv) | 1 of 1 ✔
[c9/0d2232] NFC…M_MATRIXFILTER (nac_all16) | 1 of 1 ✔
[-        ] NFC…ERENTIAL_FILTER:LIMMA_NORM -
[-        ] NFC…_FILTER:LIMMA_DIFFERENTIAL -
[81/4515c9] NFC…ER:DESEQ2_NORM (nac_all16) | 1 of 1 ✔
[ad/42f307] NFC…Sal_vs_Sham_Sal_nac_all16) | 5 of 5 ✔
[-        ] NFC…RENTIAL_FILTER:PROPR_PROPD -
[-        ] NFC…ERENTIAL_FILTER:DREAM_NORM -
[-        ] NFC…ER:VARIANCEPARTITION_DREAM -
[ca/86d84c] NFC…Sal_vs_Sham_Sal_nac_all16) | 5 of 5 ✔
[87/436770] NFC…_vs_sal_in_Sham_nac_all16) | 5 of 5 ✔
[-        ] NFC…ENRICHMENT:GPROFILER2_GOST -
[-        ] NFC…NT:CUSTOM_TABULARTOGSEAGCT -
[f1/f0a9be] NFC…OT_EXPLORATORY (Condition) | 1 of 1 ✔
[31/7e1cea] NFC…y_vs_sal_in_SNI_nac_all16) | 3 of 5
[-        ] NFC…TIALABUNDANCE:SHINYNGS_APP | 0 of 1
Plus 7 more processes waiting for tasks…

executor >  local (25)
[-        ] NFC…IFFERENTIALABUNDANCE:UNTAR -
[-        ] NFC…ABUNDANCE:AFFY_JUSTRMA_RAW -
[-        ] NFC…BUNDANCE:AFFY_JUSTRMA_NORM -
[-        ] NFC…FERENTIALABUNDANCE:PROTEUS -
[-        ] NFC…LABUNDANCE:GEOQUERY_GETGEO -
[-        ] NFC…ENTIALABUNDANCE:GUNZIP_GTF -
[07/737e74] NFC…E:GTF_TO_TABLE (nac_all16) | 1 of 1 ✔
[de/fa1ec4] NFC…ALIDATOR (samplesheet.csv) | 1 of 1 ✔
[c9/0d2232] NFC…M_MATRIXFILTER (nac_all16) | 1 of 1 ✔
[-        ] NFC…ERENTIAL_FILTER:LIMMA_NORM -
[-        ] NFC…_FILTER:LIMMA_DIFFERENTIAL -
[81/4515c9] NFC…ER:DESEQ2_NORM (nac_all16) | 1 of 1 ✔
[ad/42f307] NFC…Sal_vs_Sham_Sal_nac_all16) | 5 of 5 ✔
[-        ] NFC…RENTIAL_FILTER:PROPR_PROPD -
[-        ] NFC…ERENTIAL_FILTER:DREAM_NORM -
[-        ] NFC…ER:VARIANCEPARTITION_DREAM -
[ca/86d84c] NFC…Sal_vs_Sham_Sal_nac_all16) | 5 of 5 ✔
[87/436770] NFC…_vs_sal_in_Sham_nac_all16) | 5 of 5 ✔
[-        ] NFC…ENRICHMENT:GPROFILER2_GOST -
[-        ] NFC…NT:CUSTOM_TABULARTOGSEAGCT -
[f1/f0a9be] NFC…OT_EXPLORATORY (Condition) | 1 of 1 ✔
[64/a8509e] NFC…Sal_vs_Sham_Sal_nac_all16) | 4 of 5
[-        ] NFC…TIALABUNDANCE:SHINYNGS_APP | 0 of 1
Plus 7 more processes waiting for tasks…

executor >  local (26)
[-        ] NFC…IFFERENTIALABUNDANCE:UNTAR -
[-        ] NFC…ABUNDANCE:AFFY_JUSTRMA_RAW -
[-        ] NFC…BUNDANCE:AFFY_JUSTRMA_NORM -
[-        ] NFC…FERENTIALABUNDANCE:PROTEUS -
[-        ] NFC…LABUNDANCE:GEOQUERY_GETGEO -
[-        ] NFC…ENTIALABUNDANCE:GUNZIP_GTF -
[07/737e74] NFC…E:GTF_TO_TABLE (nac_all16) | 1 of 1 ✔
[de/fa1ec4] NFC…ALIDATOR (samplesheet.csv) | 1 of 1 ✔
[c9/0d2232] NFC…M_MATRIXFILTER (nac_all16) | 1 of 1 ✔
[-        ] NFC…ERENTIAL_FILTER:LIMMA_NORM -
[-        ] NFC…_FILTER:LIMMA_DIFFERENTIAL -
[81/4515c9] NFC…ER:DESEQ2_NORM (nac_all16) | 1 of 1 ✔
[ad/42f307] NFC…Sal_vs_Sham_Sal_nac_all16) | 5 of 5 ✔
[-        ] NFC…RENTIAL_FILTER:PROPR_PROPD -
[-        ] NFC…ERENTIAL_FILTER:DREAM_NORM -
[-        ] NFC…ER:VARIANCEPARTITION_DREAM -
[ca/86d84c] NFC…Sal_vs_Sham_Sal_nac_all16) | 5 of 5 ✔
[87/436770] NFC…_vs_sal_in_Sham_nac_all16) | 5 of 5 ✔
[-        ] NFC…ENRICHMENT:GPROFILER2_GOST -
[-        ] NFC…NT:CUSTOM_TABULARTOGSEAGCT -
[f1/f0a9be] NFC…OT_EXPLORATORY (Condition) | 1 of 1 ✔
[ea/1ddf71] NFC…_vs_sal_in_Sham_nac_all16) | 5 of 5 ✔
[08/9aa832] NFC…E:SHINYNGS_APP (nac_all16) | 0 of 1
Plus 7 more processes waiting for tasks…

executor >  local (26)
[-        ] NFC…IFFERENTIALABUNDANCE:UNTAR -
[-        ] NFC…ABUNDANCE:AFFY_JUSTRMA_RAW -
[-        ] NFC…BUNDANCE:AFFY_JUSTRMA_NORM -
[-        ] NFC…FERENTIALABUNDANCE:PROTEUS -
[-        ] NFC…LABUNDANCE:GEOQUERY_GETGEO -
[-        ] NFC…ENTIALABUNDANCE:GUNZIP_GTF -
[07/737e74] NFC…E:GTF_TO_TABLE (nac_all16) | 1 of 1 ✔
[de/fa1ec4] NFC…ALIDATOR (samplesheet.csv) | 1 of 1 ✔
[c9/0d2232] NFC…M_MATRIXFILTER (nac_all16) | 1 of 1 ✔
[-        ] NFC…ERENTIAL_FILTER:LIMMA_NORM -
[-        ] NFC…_FILTER:LIMMA_DIFFERENTIAL -
[81/4515c9] NFC…ER:DESEQ2_NORM (nac_all16) | 1 of 1 ✔
[ad/42f307] NFC…Sal_vs_Sham_Sal_nac_all16) | 5 of 5 ✔
[-        ] NFC…RENTIAL_FILTER:PROPR_PROPD -
[-        ] NFC…ERENTIAL_FILTER:DREAM_NORM -
[-        ] NFC…ER:VARIANCEPARTITION_DREAM -
[ca/86d84c] NFC…Sal_vs_Sham_Sal_nac_all16) | 5 of 5 ✔
[87/436770] NFC…_vs_sal_in_Sham_nac_all16) | 5 of 5 ✔
[-        ] NFC…ENRICHMENT:GPROFILER2_GOST -
[-        ] NFC…NT:CUSTOM_TABULARTOGSEAGCT -
[f1/f0a9be] NFC…OT_EXPLORATORY (Condition) | 1 of 1 ✔
[ea/1ddf71] NFC…_vs_sal_in_Sham_nac_all16) | 5 of 5 ✔
[08/9aa832] NFC…E:SHINYNGS_APP (nac_all16) | 1 of 1 ✔
Plus 7 more processes waiting for tasks…

executor >  local (27)
[-        ] NFC…IFFERENTIALABUNDANCE:UNTAR -
[-        ] NFC…ABUNDANCE:AFFY_JUSTRMA_RAW -
[-        ] NFC…BUNDANCE:AFFY_JUSTRMA_NORM -
[-        ] NFC…FERENTIALABUNDANCE:PROTEUS -
[-        ] NFC…LABUNDANCE:GEOQUERY_GETGEO -
[-        ] NFC…ENTIALABUNDANCE:GUNZIP_GTF -
[07/737e74] NFC…E:GTF_TO_TABLE (nac_all16) | 1 of 1 ✔
[de/fa1ec4] NFC…ALIDATOR (samplesheet.csv) | 1 of 1 ✔
[c9/0d2232] NFC…M_MATRIXFILTER (nac_all16) | 1 of 1 ✔
[-        ] NFC…ERENTIAL_FILTER:LIMMA_NORM -
[-        ] NFC…_FILTER:LIMMA_DIFFERENTIAL -
[81/4515c9] NFC…ER:DESEQ2_NORM (nac_all16) | 1 of 1 ✔
[ad/42f307] NFC…Sal_vs_Sham_Sal_nac_all16) | 5 of 5 ✔
[-        ] NFC…RENTIAL_FILTER:PROPR_PROPD -
[-        ] NFC…ERENTIAL_FILTER:DREAM_NORM -
[-        ] NFC…ER:VARIANCEPARTITION_DREAM -
[ca/86d84c] NFC…Sal_vs_Sham_Sal_nac_all16) | 5 of 5 ✔
[87/436770] NFC…_vs_sal_in_Sham_nac_all16) | 5 of 5 ✔
[-        ] NFC…ENRICHMENT:GPROFILER2_GOST -
[-        ] NFC…NT:CUSTOM_TABULARTOGSEAGCT -
[f1/f0a9be] NFC…OT_EXPLORATORY (Condition) | 1 of 1 ✔
[ea/1ddf71] NFC…_vs_sal_in_Sham_nac_all16) | 5 of 5 ✔
[08/9aa832] NFC…E:SHINYNGS_APP (nac_all16) | 1 of 1 ✔
[28/fe7e1e] NFC…QUARTONOTEBOOK (nac_all16) | 0 of 1
Plus 6 more processes waiting for tasks…

executor >  local (27)
[-        ] NFC…IFFERENTIALABUNDANCE:UNTAR -
[-        ] NFC…ABUNDANCE:AFFY_JUSTRMA_RAW -
[-        ] NFC…BUNDANCE:AFFY_JUSTRMA_NORM -
[-        ] NFC…FERENTIALABUNDANCE:PROTEUS -
[-        ] NFC…LABUNDANCE:GEOQUERY_GETGEO -
[-        ] NFC…ENTIALABUNDANCE:GUNZIP_GTF -
[07/737e74] NFC…E:GTF_TO_TABLE (nac_all16) | 1 of 1 ✔
[de/fa1ec4] NFC…ALIDATOR (samplesheet.csv) | 1 of 1 ✔
[c9/0d2232] NFC…M_MATRIXFILTER (nac_all16) | 1 of 1 ✔
[-        ] NFC…ERENTIAL_FILTER:LIMMA_NORM -
[-        ] NFC…_FILTER:LIMMA_DIFFERENTIAL -
[81/4515c9] NFC…ER:DESEQ2_NORM (nac_all16) | 1 of 1 ✔
[ad/42f307] NFC…Sal_vs_Sham_Sal_nac_all16) | 5 of 5 ✔
[-        ] NFC…RENTIAL_FILTER:PROPR_PROPD -
[-        ] NFC…ERENTIAL_FILTER:DREAM_NORM -
[-        ] NFC…ER:VARIANCEPARTITION_DREAM -
[ca/86d84c] NFC…Sal_vs_Sham_Sal_nac_all16) | 5 of 5 ✔
[87/436770] NFC…_vs_sal_in_Sham_nac_all16) | 5 of 5 ✔
[-        ] NFC…ENRICHMENT:GPROFILER2_GOST -
[-        ] NFC…NT:CUSTOM_TABULARTOGSEAGCT -
[f1/f0a9be] NFC…OT_EXPLORATORY (Condition) | 1 of 1 ✔
[ea/1ddf71] NFC…_vs_sal_in_Sham_nac_all16) | 5 of 5 ✔
[08/9aa832] NFC…E:SHINYNGS_APP (nac_all16) | 1 of 1 ✔
[28/fe7e1e] NFC…QUARTONOTEBOOK (nac_all16) | 0 of 1 ✔
Plus 6 more processes waiting for tasks…

executor >  local (28)
[-        ] NFC…IFFERENTIALABUNDANCE:UNTAR -
[-        ] NFC…ABUNDANCE:AFFY_JUSTRMA_RAW -
[-        ] NFC…BUNDANCE:AFFY_JUSTRMA_NORM -
[-        ] NFC…FERENTIALABUNDANCE:PROTEUS -
[-        ] NFC…LABUNDANCE:GEOQUERY_GETGEO -
[-        ] NFC…ENTIALABUNDANCE:GUNZIP_GTF -
[07/737e74] NFC…E:GTF_TO_TABLE (nac_all16) | 1 of 1 ✔
[de/fa1ec4] NFC…ALIDATOR (samplesheet.csv) | 1 of 1 ✔
[c9/0d2232] NFC…M_MATRIXFILTER (nac_all16) | 1 of 1 ✔
[-        ] NFC…ERENTIAL_FILTER:LIMMA_NORM -
[-        ] NFC…_FILTER:LIMMA_DIFFERENTIAL -
[81/4515c9] NFC…ER:DESEQ2_NORM (nac_all16) | 1 of 1 ✔
[ad/42f307] NFC…Sal_vs_Sham_Sal_nac_all16) | 5 of 5 ✔
[-        ] NFC…RENTIAL_FILTER:PROPR_PROPD -
[-        ] NFC…ERENTIAL_FILTER:DREAM_NORM -
[-        ] NFC…ER:VARIANCEPARTITION_DREAM -
[ca/86d84c] NFC…Sal_vs_Sham_Sal_nac_all16) | 5 of 5 ✔
[87/436770] NFC…_vs_sal_in_Sham_nac_all16) | 5 of 5 ✔
[-        ] NFC…ENRICHMENT:GPROFILER2_GOST -
[-        ] NFC…NT:CUSTOM_TABULARTOGSEAGCT -
[f1/f0a9be] NFC…OT_EXPLORATORY (Condition) | 1 of 1 ✔
[ea/1ddf71] NFC…_vs_sal_in_Sham_nac_all16) | 5 of 5 ✔
[08/9aa832] NFC…E:SHINYNGS_APP (nac_all16) | 1 of 1 ✔
[28/fe7e1e] NFC…QUARTONOTEBOOK (nac_all16) | 1 of 1 ✔
[a2/057263] NFC…_REPORT_BUNDLE (nac_all16) | 0 of 1
Plus 5 more processes waiting for tasks…

executor >  local (28)
[-        ] NFC…IFFERENTIALABUNDANCE:UNTAR -
[-        ] NFC…ABUNDANCE:AFFY_JUSTRMA_RAW -
[-        ] NFC…BUNDANCE:AFFY_JUSTRMA_NORM -
[-        ] NFC…FERENTIALABUNDANCE:PROTEUS -
[-        ] NFC…LABUNDANCE:GEOQUERY_GETGEO -
[-        ] NFC…ENTIALABUNDANCE:GUNZIP_GTF -
[07/737e74] NFC…E:GTF_TO_TABLE (nac_all16) | 1 of 1 ✔
[de/fa1ec4] NFC…ALIDATOR (samplesheet.csv) | 1 of 1 ✔
[c9/0d2232] NFC…M_MATRIXFILTER (nac_all16) | 1 of 1 ✔
[-        ] NFC…ERENTIAL_FILTER:LIMMA_NORM -
[-        ] NFC…_FILTER:LIMMA_DIFFERENTIAL -
[81/4515c9] NFC…ER:DESEQ2_NORM (nac_all16) | 1 of 1 ✔
[ad/42f307] NFC…Sal_vs_Sham_Sal_nac_all16) | 5 of 5 ✔
[-        ] NFC…RENTIAL_FILTER:PROPR_PROPD -
[-        ] NFC…ERENTIAL_FILTER:DREAM_NORM -
[-        ] NFC…ER:VARIANCEPARTITION_DREAM -
[ca/86d84c] NFC…Sal_vs_Sham_Sal_nac_all16) | 5 of 5 ✔
[87/436770] NFC…_vs_sal_in_Sham_nac_all16) | 5 of 5 ✔
[-        ] NFC…ENRICHMENT:GPROFILER2_GOST -
[-        ] NFC…NT:CUSTOM_TABULARTOGSEAGCT -
[f1/f0a9be] NFC…OT_EXPLORATORY (Condition) | 1 of 1 ✔
[ea/1ddf71] NFC…_vs_sal_in_Sham_nac_all16) | 5 of 5 ✔
[08/9aa832] NFC…E:SHINYNGS_APP (nac_all16) | 1 of 1 ✔
[28/fe7e1e] NFC…QUARTONOTEBOOK (nac_all16) | 1 of 1 ✔
[a2/057263] NFC…_REPORT_BUNDLE (nac_all16) | 1 of 1 ✔
Plus 5 more processes waiting for tasks…

executor >  local (28)
[-        ] NFC…IFFERENTIALABUNDANCE:UNTAR -
[-        ] NFC…ABUNDANCE:AFFY_JUSTRMA_RAW -
[-        ] NFC…BUNDANCE:AFFY_JUSTRMA_NORM -
[-        ] NFC…FERENTIALABUNDANCE:PROTEUS -
[-        ] NFC…LABUNDANCE:GEOQUERY_GETGEO -
[-        ] NFC…ENTIALABUNDANCE:GUNZIP_GTF -
[07/737e74] NFC…E:GTF_TO_TABLE (nac_all16) | 1 of 1 ✔
[de/fa1ec4] NFC…ALIDATOR (samplesheet.csv) | 1 of 1 ✔
[c9/0d2232] NFC…M_MATRIXFILTER (nac_all16) | 1 of 1 ✔
[-        ] NFC…ERENTIAL_FILTER:LIMMA_NORM -
[-        ] NFC…_FILTER:LIMMA_DIFFERENTIAL -
[81/4515c9] NFC…ER:DESEQ2_NORM (nac_all16) | 1 of 1 ✔
[ad/42f307] NFC…Sal_vs_Sham_Sal_nac_all16) | 5 of 5 ✔
[-        ] NFC…RENTIAL_FILTER:PROPR_PROPD -
[-        ] NFC…ERENTIAL_FILTER:DREAM_NORM -
[-        ] NFC…ER:VARIANCEPARTITION_DREAM -
[ca/86d84c] NFC…Sal_vs_Sham_Sal_nac_all16) | 5 of 5 ✔
[87/436770] NFC…_vs_sal_in_Sham_nac_all16) | 5 of 5 ✔
[-        ] NFC…ENRICHMENT:GPROFILER2_GOST -
[-        ] NFC…NT:CUSTOM_TABULARTOGSEAGCT -
[f1/f0a9be] NFC…OT_EXPLORATORY (Condition) | 1 of 1 ✔
[ea/1ddf71] NFC…_vs_sal_in_Sham_nac_all16) | 5 of 5 ✔
[08/9aa832] NFC…E:SHINYNGS_APP (nac_all16) | 1 of 1 ✔
[28/fe7e1e] NFC…QUARTONOTEBOOK (nac_all16) | 1 of 1 ✔
[a2/057263] NFC…_REPORT_BUNDLE (nac_all16) | 1 of 1 ✔
Plus 5 more processes waiting for tasks…
-[nf-core/differentialabundance] Pipeline completed successfully-

Outputs:

  /data/cwbd/day_03/results/all16

  preprocessing:
    - [gtf_annotation, {id: nac_all16, params: {contrasts: contrasts_paper.csv, gtf: reference/genes_GRCm38_igenomes.gtf, differential_max_pval: 0.05, differential_max_qval: 1.0, differential_min_fold_change: 1.41421, deseq2_shrink_lfc: false, seed: 42, exploratory_main_variable: Condition, input: samplesheet.csv, matrix: data/salmon.merged.gene_counts.tsv, feature_length_matrix: salmon.merged.gene_lengths.tsv, study_name: nac_all16, outdir: results/all16, study_type: rnaseq, study_abundance_type: counts, querygse: null, control_features: null, sizefactors_from_controls: false, round_digits: -1, paramsheet: null, observations_type: sample, observations_id_col: sample, observations_name_col: sample, features: null, features_type: gene, features_id_col: gene_id, features_name_col: gene_name, features_metadata_cols: 'gene_id,gene_name,gene_biotype', features_gtf_feature_type: transcript, features_gtf_table_first_field: gene_id, affy_cel_files_archive: null, affy_file_name_col: file, affy_background: true, affy_bgversion: 2, affy_destructive: false, affy_cdfname: null, affy_rm_mask: false, affy_rm_outliers: false, affy_rm_extra: false, affy_build_annotation: true, proteus_measurecol_prefix: LFQ intensity, proteus_norm_function: normalizeMedian, proteus_plotsd_method: violin, proteus_plotmv_loess: true, proteus_palette_name: Set1, filtering_min_samples: 1.0, filtering_min_abundance: 1, filtering_min_proportion: null, filtering_grouping_var: null, filtering_min_proportion_not_na: 0.5, filtering_min_samples_not_na: null, exploratory_clustering_method: ward.D2, exploratory_cor_method: spearman, exploratory_n_features: 500, exploratory_whisker_distance: 1.5, exploratory_mad_threshold: -5, exploratory_assay_names: 'raw,normalised,variance_stabilised', exploratory_final_assay: variance_stabilised, exploratory_log2_assays: 'raw,normalised', exploratory_palette_name: Set1, differential_method: deseq2, differential_file_suffix: .deseq2.results.tsv, differential_feature_id_column: gene_id, differential_palette_name: Set1, differential_subset_to_contrast_samples: false, deseq2_test: Wald, deseq2_fit_type: parametric, deseq2_sf_type: ratio, deseq2_min_replicates_for_replace: 7, deseq2_use_t: false, deseq2_lfc_threshold: 0, deseq2_alt_hypothesis: greaterAbs, deseq2_independent_filtering: true, deseq2_p_adjust_method: BH, deseq2_alpha: 0.1, deseq2_minmu: 0.5, deseq2_vs_method: vst, deseq2_vs_blind: true, deseq2_vst_nsub: 1000, limma_ndups: null, limma_spacing: null, limma_block: null, limma_correlation: null, limma_method: ls, limma_proportion: 0.01, limma_stdev_coef_lim: '0.1,4', limma_trend: false, limma_robust: false, limma_winsor_tail_p: '0.05,0.1', limma_adjust_method: BH, limma_p_value: 1.0, limma_lfc: 0, limma_confint: false, limma_use_voom: false, dream_adjust_method: BH, dream_p_value: 1, dream_lfc: 0, dream_confint: false, dream_proportion: 0.01, dream_stdev_coef_lim: '0.1,4', dream_trend: false, dream_robust: false, dream_winsor_tail_p: '0.05,0.1', dream_ddf: adaptive, dream_reml: false, dream_apply_voom: false, propd_alpha: null, propd_moderated: true, propd_fdr: 0.05, propd_permutation: 0, propd_number_of_cutoffs: 100, propd_save_pairwise: false, propd_save_pairwise_full: false, propd_save_adjacency: false, propd_save_rdata: false, functional_method: none, gene_sets_files: null, gsea_nperm: 1000, gsea_permute: phenotype, gsea_scoring_scheme: weighted, gsea_metric: Signal2Noise, gsea_sort: real, gsea_order: descending, gsea_set_max: 500, gsea_set_min: 15, gsea_norm: meandiv, gsea_rnd_type: no_balance, gsea_make_sets: true, gsea_median: false, gsea_num: 100, gsea_plot_top_x: 20, gsea_save_rnd_lists: false, gsea_zip_report: false, gprofiler2_organism: null, gprofiler2_significant: true, gprofiler2_measure_underrepresentation: false, gprofiler2_correction_method: gSCS, gprofiler2_sources: null, gprofiler2_evcodes: false, gprofiler2_max_qval: 0.05, gprofiler2_token: null, gprofiler2_background_file: auto, gprofiler2_background_column: null, gprofiler2_domain_scope: annotated, gprofiler2_min_diff: 1, gprofiler2_palette_name: Blues, decoupler_network: null, decoupler_min_n: 5, decoupler_methods: ulm, grea_set_min: 15, grea_set_max: 500, grea_permutation: 100, shinyngs_build_app: true, skip_reports: false, shinyngs_deploy_to_shinyapps_io: false, shinyngs_shinyapps_account: null, shinyngs_shinyapps_app_name: null, logo_file: /home/laurens/.nextflow/assets/.repos/nf-core/differentialabundance/clones/30ed7741fc392127156c2fb10cfa3d69d216b54b/docs/images/nf-core-differentialabundance_logo_light.png, css_file: /home/laurens/.nextflow/assets/.repos/nf-core/differentialabundance/clones/30ed7741fc392127156c2fb10cfa3d69d216b54b/assets/nf-core_style.css, citations_file: /home/laurens/.nextflow/assets/.repos/nf-core/differentialabundance/clones/30ed7741fc392127156c2fb10cfa3d69d216b54b/CITATIONS.md, report_file: /home/laurens/.nextflow/assets/.repos/nf-core/differentialabundance/clones/30ed7741fc392127156c2fb10cfa3d69d216b54b/assets/differentialabundance_report.qmd, report_title: null, report_author: null, report_contributors: null, report_description: null, disable_report_modules: null, genome: null, igenomes_base: 's3://ngi-igenomes/igenomes/', igenomes_ignore: false, publish_dir_mode: copy, email: null, email_on_fail: null, plaintext_email: false, monochrome_logs: false, version: false, pipelines_testdata_base_path: 'https://raw.githubusercontent.com/nf-core/test-datasets/', config_profile_name: null, config_profile_description: null, custom_config_version: master, custom_config_base: 'https://raw.githubusercontent.com/nf-core/configs/master', config_profile_contact: null, config_profile_url: null, validate_params: true, differential_fc_column: log2FoldChange, differential_pval_column: pvalue, differential_qval_column: padj, differential_foldchanges_logged: true}, paramset_name: rnaseq}, tables/annotation/rnaseq/nac_all16.anno.tsv]

  differential:
    - [size_factors, {id: Sham_oxy_vs_Sham_Sal_nac_all16, variable: Condition, reference: Sham_Sal, target: Sham_oxy, blocking: '', formula: null, make_contrasts_str: null, params: {contrasts: contrasts_paper.csv, gtf: reference/genes_GRCm38_igenomes.gtf, differential_max_pval: 0.05, differential_max_qval: 1.0, differential_min_fold_change: 1.41421, deseq2_shrink_lfc: false, seed: 42, exploratory_main_variable: Condition, input: samplesheet.csv, matrix: data/salmon.merged.gene_counts.tsv, feature_length_matrix: salmon.merged.gene_lengths.tsv, study_name: nac_all16, outdir: results/all16, study_type: rnaseq, study_abundance_type: counts, querygse: null, control_features: null, sizefactors_from_controls: false, round_digits: -1, paramsheet: null, observations_type: sample, observations_id_col: sample, observations_name_col: sample, features: null, features_type: gene, features_id_col: gene_id, features_name_col: gene_name, features_metadata_cols: 'gene_id,gene_name,gene_biotype', features_gtf_feature_type: transcript, features_gtf_table_first_field: gene_id, affy_cel_files_archive: null, affy_file_name_col: file, affy_background: true, affy_bgversion: 2, affy_destructive: false, affy_cdfname: null, affy_rm_mask: false, affy_rm_outliers: false, affy_rm_extra: false, affy_build_annotation: true, proteus_measurecol_prefix: LFQ intensity, proteus_norm_function: normalizeMedian, proteus_plotsd_method: violin, proteus_plotmv_loess: true, proteus_palette_name: Set1, filtering_min_samples: 1.0, filtering_min_abundance: 1, filtering_min_proportion: null, filtering_grouping_var: null, filtering_min_proportion_not_na: 0.5, filtering_min_samples_not_na: null, exploratory_clustering_method: ward.D2, exploratory_cor_method: spearman, exploratory_n_features: 500, exploratory_whisker_distance: 1.5, exploratory_mad_threshold: -5, exploratory_assay_names: 'raw,normalised,variance_stabilised', exploratory_final_assay: variance_stabilised, exploratory_log2_assays: 'raw,normalised', exploratory_palette_name: Set1, differential_method: deseq2, differential_file_suffix: .deseq2.results.tsv, differential_feature_id_column: gene_id, differential_palette_name: Set1, differential_subset_to_contrast_samples: false, deseq2_test: Wald, deseq2_fit_type: parametric, deseq2_sf_type: ratio, deseq2_min_replicates_for_replace: 7, deseq2_use_t: false, deseq2_lfc_threshold: 0, deseq2_alt_hypothesis: greaterAbs, deseq2_independent_filtering: true, deseq2_p_adjust_method: BH, deseq2_alpha: 0.1, deseq2_minmu: 0.5, deseq2_vs_method: vst, deseq2_vs_blind: true, deseq2_vst_nsub: 1000, limma_ndups: null, limma_spacing: null, limma_block: null, limma_correlation: null, limma_method: ls, limma_proportion: 0.01, limma_stdev_coef_lim: '0.1,4', limma_trend: false, limma_robust: false, limma_winsor_tail_p: '0.05,0.1', limma_adjust_method: BH, limma_p_value: 1.0, limma_lfc: 0, limma_confint: false, limma_use_voom: false, dream_adjust_method: BH, dream_p_value: 1, dream_lfc: 0, dream_confint: false, dream_proportion: 0.01, dream_stdev_coef_lim: '0.1,4', dream_trend: false, dream_robust: false, dream_winsor_tail_p: '0.05,0.1', dream_ddf: adaptive, dream_reml: false, dream_apply_voom: false, propd_alpha: null, propd_moderated: true, propd_fdr: 0.05, propd_permutation: 0, propd_number_of_cutoffs: 100, propd_save_pairwise: false, propd_save_pairwise_full: false, propd_save_adjacency: false, propd_save_rdata: false, functional_method: none, gene_sets_files: null, gsea_nperm: 1000, gsea_permute: phenotype, gsea_scoring_scheme: weighted, gsea_metric: Signal2Noise, gsea_sort: real, gsea_order: descending, gsea_set_max: 500, gsea_set_min: 15, gsea_norm: meandiv, gsea_rnd_type: no_balance, gsea_make_sets: true, gsea_median: false, gsea_num: 100, gsea_plot_top_x: 20, gsea_save_rnd_lists: false, gsea_zip_report: false, gprofiler2_organism: null, gprofiler2_significant: true, gprofiler2_measure_underrepresentation: false, gprofiler2_correction_method: gSCS, gprofiler2_sources: null, gprofiler2_evcodes: false, gprofiler2_max_qval: 0.05, gprofiler2_token: null, gprofiler2_background_file: auto, gprofiler2_background_column: null, gprofiler2_domain_scope: annotated, gprofiler2_min_diff: 1, gprofiler2_palette_name: Blues, decoupler_network: null, decoupler_min_n: 5, decoupler_methods: ulm, grea_set_min: 15, grea_set_max: 500, grea_permutation: 100, shinyngs_build_app: true, skip_reports: false, shinyngs_deploy_to_shinyapps_io: false, shinyngs_shinyapps_account: null, shinyngs_shinyapps_app_name: null, logo_file: /home/laurens/.nextflow/assets/.repos/nf-core/differentialabundance/clones/30ed7741fc392127156c2fb10cfa3d69d216b54b/docs/images/nf-core-differentialabundance_logo_light.png, css_file: /home/laurens/.nextflow/assets/.repos/nf-core/differentialabundance/clones/30ed7741fc392127156c2fb10cfa3d69d216b54b/assets/nf-core_style.css, citations_file: /home/laurens/.nextflow/assets/.repos/nf-core/differentialabundance/clones/30ed7741fc392127156c2fb10cfa3d69d216b54b/CITATIONS.md, report_file: /home/laurens/.nextflow/assets/.repos/nf-core/differentialabundance/clones/30ed7741fc392127156c2fb10cfa3d69d216b54b/assets/differentialabundance_report.qmd, report_title: null, report_author: null, report_contributors: null, report_description: null, disable_report_modules: null, genome: null, igenomes_base: 's3://ngi-igenomes/igenomes/', igenomes_ignore: false, publish_dir_mode: copy, email: null, email_on_fail: null, plaintext_email: false, monochrome_logs: false, version: false, pipelines_testdata_base_path: 'https://raw.githubusercontent.com/nf-core/test-datasets/', config_profile_name: null, config_profile_description: null, custom_config_version: master, custom_config_base: 'https://raw.githubusercontent.com/nf-core/configs/master', config_profile_contact: null, config_profile_url: null, validate_params: true, differential_fc_column: log2FoldChange, differential_pval_column: pvalue, differential_qval_column: padj, differential_foldchanges_logged: true}, differential_method: deseq2, paramset_name: rnaseq}, other/deseq2/rnaseq/Sham_oxy_vs_Sham_Sal_nac_all16.deseq2.sizefactors.tsv]
    - [results, {id: Sham_oxy_vs_Sham_Sal_nac_all16, variable: Condition, reference: Sham_Sal, target: Sham_oxy, blocking: '', formula: null, make_contrasts_str: null, params: {contrasts: contrasts_paper.csv, gtf: reference/genes_GRCm38_igenomes.gtf, differential_max_pval: 0.05, differential_max_qval: 1.0, differential_min_fold_change: 1.41421, deseq2_shrink_lfc: false, seed: 42, exploratory_main_variable: Condition, input: samplesheet.csv, matrix: data/salmon.merged.gene_counts.tsv, feature_length_matrix: salmon.merged.gene_lengths.tsv, study_name: nac_all16, outdir: results/all16, study_type: rnaseq, study_abundance_type: counts, querygse: null, control_features: null, sizefactors_from_controls: false, round_digits: -1, paramsheet: null, observations_type: sample, observations_id_col: sample, observations_name_col: sample, features: null, features_type: gene, features_id_col: gene_id, features_name_col: gene_name, features_metadata_cols: 'gene_id,gene_name,gene_biotype', features_gtf_feature_type: transcript, features_gtf_table_first_field: gene_id, affy_cel_files_archive: null, affy_file_name_col: file, affy_background: true, affy_bgversion: 2, affy_destructive: false, affy_cdfname: null, affy_rm_mask: false, affy_rm_outliers: false, affy_rm_extra: false, affy_build_annotation: true, proteus_measurecol_prefix: LFQ intensity, proteus_norm_function: normalizeMedian, proteus_plotsd_method: violin, proteus_plotmv_loess: true, proteus_palette_name: Set1, filtering_min_samples: 1.0, filtering_min_abundance: 1, filtering_min_proportion: null, filtering_grouping_var: null, filtering_min_proportion_not_na: 0.5, filtering_min_samples_not_na: null, exploratory_clustering_method: ward.D2, exploratory_cor_method: spearman, exploratory_n_features: 500, exploratory_whisker_distance: 1.5, exploratory_mad_threshold: -5, exploratory_assay_names: 'raw,normalised,variance_stabilised', exploratory_final_assay: variance_stabilised, exploratory_log2_assays: 'raw,normalised', exploratory_palette_name: Set1, differential_method: deseq2, differential_file_suffix: .deseq2.results.tsv, differential_feature_id_column: gene_id, differential_palette_name: Set1, differential_subset_to_contrast_samples: false, deseq2_test: Wald, deseq2_fit_type: parametric, deseq2_sf_type: ratio, deseq2_min_replicates_for_replace: 7, deseq2_use_t: false, deseq2_lfc_threshold: 0, deseq2_alt_hypothesis: greaterAbs, deseq2_independent_filtering: true, deseq2_p_adjust_method: BH, deseq2_alpha: 0.1, deseq2_minmu: 0.5, deseq2_vs_method: vst, deseq2_vs_blind: true, deseq2_vst_nsub: 1000, limma_ndups: null, limma_spacing: null, limma_block: null, limma_correlation: null, limma_method: ls, limma_proportion: 0.01, limma_stdev_coef_lim: '0.1,4', limma_trend: false, limma_robust: false, limma_winsor_tail_p: '0.05,0.1', limma_adjust_method: BH, limma_p_value: 1.0, limma_lfc: 0, limma_confint: false, limma_use_voom: false, dream_adjust_method: BH, dream_p_value: 1, dream_lfc: 0, dream_confint: false, dream_proportion: 0.01, dream_stdev_coef_lim: '0.1,4', dream_trend: false, dream_robust: false, dream_winsor_tail_p: '0.05,0.1', dream_ddf: adaptive, dream_reml: false, dream_apply_voom: false, propd_alpha: null, propd_moderated: true, propd_fdr: 0.05, propd_permutation: 0, propd_number_of_cutoffs: 100, propd_save_pairwise: false, propd_save_pairwise_full: false, propd_save_adjacency: false, propd_save_rdata: false, functional_method: none, gene_sets_files: null, gsea_nperm: 1000, gsea_permute: phenotype, gsea_scoring_scheme: weighted, gsea_metric: Signal2Noise, gsea_sort: real, gsea_order: descending, gsea_set_max: 500, gsea_set_min: 15, gsea_norm: meandiv, gsea_rnd_type: no_balance, gsea_make_sets: true, gsea_median: false, gsea_num: 100, gsea_plot_top_x: 20, gsea_save_rnd_lists: false, gsea_zip_report: false, gprofiler2_organism: null, gprofiler2_significant: true, gprofiler2_measure_underrepresentation: false, gprofiler2_correction_method: gSCS, gprofiler2_sources: null, gprofiler2_evcodes: false, gprofiler2_max_qval: 0.05, gprofiler2_token: null, gprofiler2_background_file: auto, gprofiler2_background_column: null, gprofiler2_domain_scope: annotated, gprofiler2_min_diff: 1, gprofiler2_palette_name: Blues, decoupler_network: null, decoupler_min_n: 5, decoupler_methods: ulm, grea_set_min: 15, grea_set_max: 500, grea_permutation: 100, shinyngs_build_app: true, skip_reports: false, shinyngs_deploy_to_shinyapps_io: false, shinyngs_shinyapps_account: null, shinyngs_shinyapps_app_name: null, logo_file: /home/laurens/.nextflow/assets/.repos/nf-core/differentialabundance/clones/30ed7741fc392127156c2fb10cfa3d69d216b54b/docs/images/nf-core-differentialabundance_logo_light.png, css_file: /home/laurens/.nextflow/assets/.repos/nf-core/differentialabundance/clones/30ed7741fc392127156c2fb10cfa3d69d216b54b/assets/nf-core_style.css, citations_file: /home/laurens/.nextflow/assets/.repos/nf-core/differentialabundance/clones/30ed7741fc392127156c2fb10cfa3d69d216b54b/CITATIONS.md, report_file: /home/laurens/.nextflow/assets/.repos/nf-core/differentialabundance/clones/30ed7741fc392127156c2fb10cfa3d69d216b54b/assets/differentialabundance_report.qmd, report_title: null, report_author: null, report_contributors: null, report_description: null, disable_report_modules: null, genome: null, igenomes_base: 's3://ngi-igenomes/igenomes/', igenomes_ignore: false, publish_dir_mode: copy, email: null, email_on_fail: null, plaintext_email: false, monochrome_logs: false, version: false, pipelines_testdata_base_path: 'https://raw.githubusercontent.com/nf-core/test-datasets/', config_profile_name: null, config_profile_description: null, custom_config_version: master, custom_config_base: 'https://raw.githubusercontent.com/nf-core/configs/master', config_profile_contact: null, config_profile_url: null, validate_params: true, differential_fc_column: log2FoldChange, differential_pval_column: pvalue, differential_qval_column: padj, differential_foldchanges_logged: true}, paramset_name: rnaseq}, tables/differential/rnaseq/Sham_oxy_vs_Sham_Sal_nac_all16.deseq2.results.tsv]
    - [session_info, {id: Sham_oxy_vs_Sham_Sal_nac_all16, variable: Condition, reference: Sham_Sal, target: Sham_oxy, blocking: '', formula: null, make_contrasts_str: null, params: {contrasts: contrasts_paper.csv, gtf: reference/genes_GRCm38_igenomes.gtf, differential_max_pval: 0.05, differential_max_qval: 1.0, differential_min_fold_change: 1.41421, deseq2_shrink_lfc: false, seed: 42, exploratory_main_variable: Condition, input: samplesheet.csv, matrix: data/salmon.merged.gene_counts.tsv, feature_length_matrix: salmon.merged.gene_lengths.tsv, study_name: nac_all16, outdir: results/all16, study_type: rnaseq, study_abundance_type: counts, querygse: null, control_features: null, sizefactors_from_controls: false, round_digits: -1, paramsheet: null, observations_type: sample, observations_id_col: sample, observations_name_col: sample, features: null, features_type: gene, features_id_col: gene_id, features_name_col: gene_name, features_metadata_cols: 'gene_id,gene_name,gene_biotype', features_gtf_feature_type: transcript, features_gtf_table_first_field: gene_id, affy_cel_files_archive: null, affy_file_name_col: file, affy_background: true, affy_bgversion: 2, affy_destructive: false, affy_cdfname: null, affy_rm_mask: false, affy_rm_outliers: false, affy_rm_extra: false, affy_build_annotation: true, proteus_measurecol_prefix: LFQ intensity, proteus_norm_function: normalizeMedian, proteus_plotsd_method: violin, proteus_plotmv_loess: true, proteus_palette_name: Set1, filtering_min_samples: 1.0, filtering_min_abundance: 1, filtering_min_proportion: null, filtering_grouping_var: null, filtering_min_proportion_not_na: 0.5, filtering_min_samples_not_na: null, exploratory_clustering_method: ward.D2, exploratory_cor_method: spearman, exploratory_n_features: 500, exploratory_whisker_distance: 1.5, exploratory_mad_threshold: -5, exploratory_assay_names: 'raw,normalised,variance_stabilised', exploratory_final_assay: variance_stabilised, exploratory_log2_assays: 'raw,normalised', exploratory_palette_name: Set1, differential_method: deseq2, differential_file_suffix: .deseq2.results.tsv, differential_feature_id_column: gene_id, differential_palette_name: Set1, differential_subset_to_contrast_samples: false, deseq2_test: Wald, deseq2_fit_type: parametric, deseq2_sf_type: ratio, deseq2_min_replicates_for_replace: 7, deseq2_use_t: false, deseq2_lfc_threshold: 0, deseq2_alt_hypothesis: greaterAbs, deseq2_independent_filtering: true, deseq2_p_adjust_method: BH, deseq2_alpha: 0.1, deseq2_minmu: 0.5, deseq2_vs_method: vst, deseq2_vs_blind: true, deseq2_vst_nsub: 1000, limma_ndups: null, limma_spacing: null, limma_block: null, limma_correlation: null, limma_method: ls, limma_proportion: 0.01, limma_stdev_coef_lim: '0.1,4', limma_trend: false, limma_robust: false, limma_winsor_tail_p: '0.05,0.1', limma_adjust_method: BH, limma_p_value: 1.0, limma_lfc: 0, limma_confint: false, limma_use_voom: false, dream_adjust_method: BH, dream_p_value: 1, dream_lfc: 0, dream_confint: false, dream_proportion: 0.01, dream_stdev_coef_lim: '0.1,4', dream_trend: false, dream_robust: false, dream_winsor_tail_p: '0.05,0.1', dream_ddf: adaptive, dream_reml: false, dream_apply_voom: false, propd_alpha: null, propd_moderated: true, propd_fdr: 0.05, propd_permutation: 0, propd_number_of_cutoffs: 100, propd_save_pairwise: false, propd_save_pairwise_full: false, propd_save_adjacency: false, propd_save_rdata: false, functional_method: none, gene_sets_files: null, gsea_nperm: 1000, gsea_permute: phenotype, gsea_scoring_scheme: weighted, gsea_metric: Signal2Noise, gsea_sort: real, gsea_order: descending, gsea_set_max: 500, gsea_set_min: 15, gsea_norm: meandiv, gsea_rnd_type: no_balance, gsea_make_sets: true, gsea_median: false, gsea_num: 100, gsea_plot_top_x: 20, gsea_save_rnd_lists: false, gsea_zip_report: false, gprofiler2_organism: null, gprofiler2_significant: true, gprofiler2_measure_underrepresentation: false, gprofiler2_correction_method: gSCS, gprofiler2_sources: null, gprofiler2_evcodes: false, gprofiler2_max_qval: 0.05, gprofiler2_token: null, gprofiler2_background_file: auto, gprofiler2_background_column: null, gprofiler2_domain_scope: annotated, gprofiler2_min_diff: 1, gprofiler2_palette_name: Blues, decoupler_network: null, decoupler_min_n: 5, decoupler_methods: ulm, grea_set_min: 15, grea_set_max: 500, grea_permutation: 100, shinyngs_build_app: true, skip_reports: false, shinyngs_deploy_to_shinyapps_io: false, shinyngs_shinyapps_account: null, shinyngs_shinyapps_app_name: null, logo_file: /home/laurens/.nextflow/assets/.repos/nf-core/differentialabundance/clones/30ed7741fc392127156c2fb10cfa3d69d216b54b/docs/images/nf-core-differentialabundance_logo_light.png, css_file: /home/laurens/.nextflow/assets/.repos/nf-core/differentialabundance/clones/30ed7741fc392127156c2fb10cfa3d69d216b54b/assets/nf-core_style.css, citations_file: /home/laurens/.nextflow/assets/.repos/nf-core/differentialabundance/clones/30ed7741fc392127156c2fb10cfa3d69d216b54b/CITATIONS.md, report_file: /home/laurens/.nextflow/assets/.repos/nf-core/differentialabundance/clones/30ed7741fc392127156c2fb10cfa3d69d216b54b/assets/differentialabundance_report.qmd, report_title: null, report_author: null, report_contributors: null, report_description: null, disable_report_modules: null, genome: null, igenomes_base: 's3://ngi-igenomes/igenomes/', igenomes_ignore: false, publish_dir_mode: copy, email: null, email_on_fail: null, plaintext_email: false, monochrome_logs: false, version: false, pipelines_testdata_base_path: 'https://raw.githubusercontent.com/nf-core/test-datasets/', config_profile_name: null, config_profile_description: null, custom_config_version: master, custom_config_base: 'https://raw.githubusercontent.com/nf-core/configs/master', config_profile_contact: null, config_profile_url: null, validate_params: true, differential_fc_column: log2FoldChange, differential_pval_column: pvalue, differential_qval_column: padj, differential_foldchanges_logged: true}, differential_method: deseq2, paramset_name: rnaseq}, other/deseq2/rnaseq/Sham_oxy_vs_Sham_Sal_nac_all16.R_sessionInfo.log]
    - [rdata, {id: Sham_oxy_vs_Sham_Sal_nac_all16, variable: Condition, reference: Sham_Sal, target: Sham_oxy, blocking: '', formula: null, make_contrasts_str: null, params: {contrasts: contrasts_paper.csv, gtf: reference/genes_GRCm38_igenomes.gtf, differential_max_pval: 0.05, differential_max_qval: 1.0, differential_min_fold_change: 1.41421, deseq2_shrink_lfc: false, seed: 42, exploratory_main_variable: Condition, input: samplesheet.csv, matrix: data/salmon.merged.gene_counts.tsv, feature_length_matrix: salmon.merged.gene_lengths.tsv, study_name: nac_all16, outdir: results/all16, study_type: rnaseq, study_abundance_type: counts, querygse: null, control_features: null, sizefactors_from_controls: false, round_digits: -1, paramsheet: null, observations_type: sample, observations_id_col: sample, observations_name_col: sample, features: null, features_type: gene, features_id_col: gene_id, features_name_col: gene_name, features_metadata_cols: 'gene_id,gene_name,gene_biotype', features_gtf_feature_type: transcript, features_gtf_table_first_field: gene_id, affy_cel_files_archive: null, affy_file_name_col: file, affy_background: true, affy_bgversion: 2, affy_destructive: false, affy_cdfname: null, affy_rm_mask: false, affy_rm_outliers: false, affy_rm_extra: false, affy_build_annotation: true, proteus_measurecol_prefix: LFQ intensity, proteus_norm_function: normalizeMedian, proteus_plotsd_method: violin, proteus_plotmv_loess: true, proteus_palette_name: Set1, filtering_min_samples: 1.0, filtering_min_abundance: 1, filtering_min_proportion: null, filtering_grouping_var: null, filtering_min_proportion_not_na: 0.5, filtering_min_samples_not_na: null, exploratory_clustering_method: ward.D2, exploratory_cor_method: spearman, exploratory_n_features: 500, exploratory_whisker_distance: 1.5, exploratory_mad_threshold: -5, exploratory_assay_names: 'raw,normalised,variance_stabilised', exploratory_final_assay: variance_stabilised, exploratory_log2_assays: 'raw,normalised', exploratory_palette_name: Set1, differential_method: deseq2, differential_file_suffix: .deseq2.results.tsv, differential_feature_id_column: gene_id, differential_palette_name: Set1, differential_subset_to_contrast_samples: false, deseq2_test: Wald, deseq2_fit_type: parametric, deseq2_sf_type: ratio, deseq2_min_replicates_for_replace: 7, deseq2_use_t: false, deseq2_lfc_threshold: 0, deseq2_alt_hypothesis: greaterAbs, deseq2_independent_filtering: true, deseq2_p_adjust_method: BH, deseq2_alpha: 0.1, deseq2_minmu: 0.5, deseq2_vs_method: vst, deseq2_vs_blind: true, deseq2_vst_nsub: 1000, limma_ndups: null, limma_spacing: null, limma_block: null, limma_correlation: null, limma_method: ls, limma_proportion: 0.01, limma_stdev_coef_lim: '0.1,4', limma_trend: false, limma_robust: false, limma_winsor_tail_p: '0.05,0.1', limma_adjust_method: BH, limma_p_value: 1.0, limma_lfc: 0, limma_confint: false, limma_use_voom: false, dream_adjust_method: BH, dream_p_value: 1, dream_lfc: 0, dream_confint: false, dream_proportion: 0.01, dream_stdev_coef_lim: '0.1,4', dream_trend: false, dream_robust: false, dream_winsor_tail_p: '0.05,0.1', dream_ddf: adaptive, dream_reml: false, dream_apply_voom: false, propd_alpha: null, propd_moderated: true, propd_fdr: 0.05, propd_permutation: 0, propd_number_of_cutoffs: 100, propd_save_pairwise: false, propd_save_pairwise_full: false, propd_save_adjacency: false, propd_save_rdata: false, functional_method: none, gene_sets_files: null, gsea_nperm: 1000, gsea_permute: phenotype, gsea_scoring_scheme: weighted, gsea_metric: Signal2Noise, gsea_sort: real, gsea_order: descending, gsea_set_max: 500, gsea_set_min: 15, gsea_norm: meandiv, gsea_rnd_type: no_balance, gsea_make_sets: true, gsea_median: false, gsea_num: 100, gsea_plot_top_x: 20, gsea_save_rnd_lists: false, gsea_zip_report: false, gprofiler2_organism: null, gprofiler2_significant: true, gprofiler2_measure_underrepresentation: false, gprofiler2_correction_method: gSCS, gprofiler2_sources: null, gprofiler2_evcodes: false, gprofiler2_max_qval: 0.05, gprofiler2_token: null, gprofiler2_background_file: auto, gprofiler2_background_column: null, gprofiler2_domain_scope: annotated, gprofiler2_min_diff: 1, gprofiler2_palette_name: Blues, decoupler_network: null, decoupler_min_n: 5, decoupler_methods: ulm, grea_set_min: 15, grea_set_max: 500, grea_permutation: 100, shinyngs_build_app: true, skip_reports: false, shinyngs_deploy_to_shinyapps_io: false, shinyngs_shinyapps_account: null, shinyngs_shinyapps_app_name: null, logo_file: /home/laurens/.nextflow/assets/.repos/nf-core/differentialabundance/clones/30ed7741fc392127156c2fb10cfa3d69d216b54b/docs/images/nf-core-differentialabundance_logo_light.png, css_file: /home/laurens/.nextflow/assets/.repos/nf-core/differentialabundance/clones/30ed7741fc392127156c2fb10cfa3d69d216b54b/assets/nf-core_style.css, citations_file: /home/laurens/.nextflow/assets/.repos/nf-core/differentialabundance/clones/30ed7741fc392127156c2fb10cfa3d69d216b54b/CITATIONS.md, report_file: /home/laurens/.nextflow/assets/.repos/nf-core/differentialabundance/clones/30ed7741fc392127156c2fb10cfa3d69d216b54b/assets/differentialabundance_report.qmd, report_title: null, report_author: null, report_contributors: null, report_description: null, disable_report_modules: null, genome: null, igenomes_base: 's3://ngi-igenomes/igenomes/', igenomes_ignore: false, publish_dir_mode: copy, email: null, email_on_fail: null, plaintext_email: false, monochrome_logs: false, version: false, pipelines_testdata_base_path: 'https://raw.githubusercontent.com/nf-core/test-datasets/', config_profile_name: null, config_profile_description: null, custom_config_version: master, custom_config_base: 'https://raw.githubusercontent.com/nf-core/configs/master', config_profile_contact: null, config_profile_url: null, validate_params: true, differential_fc_column: log2FoldChange, differential_pval_column: pvalue, differential_qval_column: padj, differential_foldchanges_logged: true}, differential_method: deseq2, paramset_name: rnaseq}, other/deseq2/rnaseq/Sham_oxy_vs_Sham_Sal_nac_all16.dds.rld.rds]
    - [dispersion_plot, {id: Sham_oxy_vs_Sham_Sal_nac_all16, variable: Condition, reference: Sham_Sal, target: Sham_oxy, blocking: '', formula: null, make_contrasts_str: null, params: {contrasts: contrasts_paper.csv, gtf: reference/genes_GRCm38_igenomes.gtf, differential_max_pval: 0.05, differential_max_qval: 1.0, differential_min_fold_change: 1.41421, deseq2_shrink_lfc: false, seed: 42, exploratory_main_variable: Condition, input: samplesheet.csv, matrix: data/salmon.merged.gene_counts.tsv, feature_length_matrix: salmon.merged.gene_lengths.tsv, study_name: nac_all16, outdir: results/all16, study_type: rnaseq, study_abundance_type: counts, querygse: null, control_features: null, sizefactors_from_controls: false, round_digits: -1, paramsheet: null, observations_type: sample, observations_id_col: sample, observations_name_col: sample, features: null, features_type: gene, features_id_col: gene_id, features_name_col: gene_name, features_metadata_cols: 'gene_id,gene_name,gene_biotype', features_gtf_feature_type: transcript, features_gtf_table_first_field: gene_id, affy_cel_files_archive: null, affy_file_name_col: file, affy_background: true, affy_bgversion: 2, affy_destructive: false, affy_cdfname: null, affy_rm_mask: false, affy_rm_outliers: false, affy_rm_extra: false, affy_build_annotation: true, proteus_measurecol_prefix: LFQ intensity, proteus_norm_function: normalizeMedian, proteus_plotsd_method: violin, proteus_plotmv_loess: true, proteus_palette_name: Set1, filtering_min_samples: 1.0, filtering_min_abundance: 1, filtering_min_proportion: null, filtering_grouping_var: null, filtering_min_proportion_not_na: 0.5, filtering_min_samples_not_na: null, exploratory_clustering_method: ward.D2, exploratory_cor_method: spearman, exploratory_n_features: 500, exploratory_whisker_distance: 1.5, exploratory_mad_threshold: -5, exploratory_assay_names: 'raw,normalised,variance_stabilised', exploratory_final_assay: variance_stabilised, exploratory_log2_assays: 'raw,normalised', exploratory_palette_name: Set1, differential_method: deseq2, differential_file_suffix: .deseq2.results.tsv, differential_feature_id_column: gene_id, differential_palette_name: Set1, differential_subset_to_contrast_samples: false, deseq2_test: Wald, deseq2_fit_type: parametric, deseq2_sf_type: ratio, deseq2_min_replicates_for_replace: 7, deseq2_use_t: false, deseq2_lfc_threshold: 0, deseq2_alt_hypothesis: greaterAbs, deseq2_independent_filtering: true, deseq2_p_adjust_method: BH, deseq2_alpha: 0.1, deseq2_minmu: 0.5, deseq2_vs_method: vst, deseq2_vs_blind: true, deseq2_vst_nsub: 1000, limma_ndups: null, limma_spacing: null, limma_block: null, limma_correlation: null, limma_method: ls, limma_proportion: 0.01, limma_stdev_coef_lim: '0.1,4', limma_trend: false, limma_robust: false, limma_winsor_tail_p: '0.05,0.1', limma_adjust_method: BH, limma_p_value: 1.0, limma_lfc: 0, limma_confint: false, limma_use_voom: false, dream_adjust_method: BH, dream_p_value: 1, dream_lfc: 0, dream_confint: false, dream_proportion: 0.01, dream_stdev_coef_lim: '0.1,4', dream_trend: false, dream_robust: false, dream_winsor_tail_p: '0.05,0.1', dream_ddf: adaptive, dream_reml: false, dream_apply_voom: false, propd_alpha: null, propd_moderated: true, propd_fdr: 0.05, propd_permutation: 0, propd_number_of_cutoffs: 100, propd_save_pairwise: false, propd_save_pairwise_full: false, propd_save_adjacency: false, propd_save_rdata: false, functional_method: none, gene_sets_files: null, gsea_nperm: 1000, gsea_permute: phenotype, gsea_scoring_scheme: weighted, gsea_metric: Signal2Noise, gsea_sort: real, gsea_order: descending, gsea_set_max: 500, gsea_set_min: 15, gsea_norm: meandiv, gsea_rnd_type: no_balance, gsea_make_sets: true, gsea_median: false, gsea_num: 100, gsea_plot_top_x: 20, gsea_save_rnd_lists: false, gsea_zip_report: false, gprofiler2_organism: null, gprofiler2_significant: true, gprofiler2_measure_underrepresentation: false, gprofiler2_correction_method: gSCS, gprofiler2_sources: null, gprofiler2_evcodes: false, gprofiler2_max_qval: 0.05, gprofiler2_token: null, gprofiler2_background_file: auto, gprofiler2_background_column: null, gprofiler2_domain_scope: annotated, gprofiler2_min_diff: 1, gprofiler2_palette_name: Blues, decoupler_network: null, decoupler_min_n: 5, decoupler_methods: ulm, grea_set_min: 15, grea_set_max: 500, grea_permutation: 100, shinyngs_build_app: true, skip_reports: false, shinyngs_deploy_to_shinyapps_io: false, shinyngs_shinyapps_account: null, shinyngs_shinyapps_app_name: null, logo_file: /home/laurens/.nextflow/assets/.repos/nf-core/differentialabundance/clones/30ed7741fc392127156c2fb10cfa3d69d216b54b/docs/images/nf-core-differentialabundance_logo_light.png, css_file: /home/laurens/.nextflow/assets/.repos/nf-core/differentialabundance/clones/30ed7741fc392127156c2fb10cfa3d69d216b54b/assets/nf-core_style.css, citations_file: /home/laurens/.nextflow/assets/.repos/nf-core/differentialabundance/clones/30ed7741fc392127156c2fb10cfa3d69d216b54b/CITATIONS.md, report_file: /home/laurens/.nextflow/assets/.repos/nf-core/differentialabundance/clones/30ed7741fc392127156c2fb10cfa3d69d216b54b/assets/differentialabundance_report.qmd, report_title: null, report_author: null, report_contributors: null, report_description: null, disable_report_modules: null, genome: null, igenomes_base: 's3://ngi-igenomes/igenomes/', igenomes_ignore: false, publish_dir_mode: copy, email: null, email_on_fail: null, plaintext_email: false, monochrome_logs: false, version: false, pipelines_testdata_base_path: 'https://raw.githubusercontent.com/nf-core/test-datasets/', config_profile_name: null, config_profile_description: null, custom_config_version: master, custom_config_base: 'https://raw.githubusercontent.com/nf-core/configs/master', config_profile_contact: null, config_profile_url: null, validate_params: true, differential_fc_column: log2FoldChange, differential_pval_column: pvalue, differential_qval_column: padj, differential_foldchanges_logged: true}, differential_method: deseq2, paramset_name: rnaseq}, plots/qc/rnaseq/Sham_oxy_vs_Sham_Sal_nac_all16.deseq2.dispersion.png]
    - [dispersion_plot, {id: oxy_vs_sal_in_SNI_nac_all16, variable: Condition, reference: SNI_Sal, target: SNI_oxy, blocking: '', formula: null, make_contrasts_str: null, params: {contrasts: contrasts_paper.csv, gtf: reference/genes_GRCm38_igenomes.gtf, differential_max_pval: 0.05, differential_max_qval: 1.0, differential_min_fold_change: 1.41421, deseq2_shrink_lfc: false, seed: 42, exploratory_main_variable: Condition, input: samplesheet.csv, matrix: data/salmon.merged.gene_counts.tsv, feature_length_matrix: salmon.merged.gene_lengths.tsv, study_name: nac_all16, outdir: results/all16, study_type: rnaseq, study_abundance_type: counts, querygse: null, control_features: null, sizefactors_from_controls: false, round_digits: -1, paramsheet: null, observations_type: sample, observations_id_col: sample, observations_name_col: sample, features: null, features_type: gene, features_id_col: gene_id, features_name_col: gene_name, features_metadata_cols: 'gene_id,gene_name,gene_biotype', features_gtf_feature_type: transcript, features_gtf_table_first_field: gene_id, affy_cel_files_archive: null, affy_file_name_col: file, affy_background: true, affy_bgversion: 2, affy_destructive: false, affy_cdfname: null, affy_rm_mask: false, affy_rm_outliers: false, affy_rm_extra: false, affy_build_annotation: true, proteus_measurecol_prefix: LFQ intensity, proteus_norm_function: normalizeMedian, proteus_plotsd_method: violin, proteus_plotmv_loess: true, proteus_palette_name: Set1, filtering_min_samples: 1.0, filtering_min_abundance: 1, filtering_min_proportion: null, filtering_grouping_var: null, filtering_min_proportion_not_na: 0.5, filtering_min_samples_not_na: null, exploratory_clustering_method: ward.D2, exploratory_cor_method: spearman, exploratory_n_features: 500, exploratory_whisker_distance: 1.5, exploratory_mad_threshold: -5, exploratory_assay_names: 'raw,normalised,variance_stabilised', exploratory_final_assay: variance_stabilised, exploratory_log2_assays: 'raw,normalised', exploratory_palette_name: Set1, differential_method: deseq2, differential_file_suffix: .deseq2.results.tsv, differential_feature_id_column: gene_id, differential_palette_name: Set1, differential_subset_to_contrast_samples: false, deseq2_test: Wald, deseq2_fit_type: parametric, deseq2_sf_type: ratio, deseq2_min_replicates_for_replace: 7, deseq2_use_t: false, deseq2_lfc_threshold: 0, deseq2_alt_hypothesis: greaterAbs, deseq2_independent_filtering: true, deseq2_p_adjust_method: BH, deseq2_alpha: 0.1, deseq2_minmu: 0.5, deseq2_vs_method: vst, deseq2_vs_blind: true, deseq2_vst_nsub: 1000, limma_ndups: null, limma_spacing: null, limma_block: null, limma_correlation: null, limma_method: ls, limma_proportion: 0.01, limma_stdev_coef_lim: '0.1,4', limma_trend: false, limma_robust: false, limma_winsor_tail_p: '0.05,0.1', limma_adjust_method: BH, limma_p_value: 1.0, limma_lfc: 0, limma_confint: false, limma_use_voom: false, dream_adjust_method: BH, dream_p_value: 1, dream_lfc: 0, dream_confint: false, dream_proportion: 0.01, dream_stdev_coef_lim: '0.1,4', dream_trend: false, dream_robust: false, dream_winsor_tail_p: '0.05,0.1', dream_ddf: adaptive, dream_reml: false, dream_apply_voom: false, propd_alpha: null, propd_moderated: true, propd_fdr: 0.05, propd_permutation: 0, propd_number_of_cutoffs: 100, propd_save_pairwise: false, propd_save_pairwise_full: false, propd_save_adjacency: false, propd_save_rdata: false, functional_method: none, gene_sets_files: null, gsea_nperm: 1000, gsea_permute: phenotype, gsea_scoring_scheme: weighted, gsea_metric: Signal2Noise, gsea_sort: real, gsea_order: descending, gsea_set_max: 500, gsea_set_min: 15, gsea_norm: meandiv, gsea_rnd_type: no_balance, gsea_make_sets: true, gsea_median: false, gsea_num: 100, gsea_plot_top_x: 20, gsea_save_rnd_lists: false, gsea_zip_report: false, gprofiler2_organism: null, gprofiler2_significant: true, gprofiler2_measure_underrepresentation: false, gprofiler2_correction_method: gSCS, gprofiler2_sources: null, gprofiler2_evcodes: false, gprofiler2_max_qval: 0.05, gprofiler2_token: null, gprofiler2_background_file: auto, gprofiler2_background_column: null, gprofiler2_domain_scope: annotated, gprofiler2_min_diff: 1, gprofiler2_palette_name: Blues, decoupler_network: null, decoupler_min_n: 5, decoupler_methods: ulm, grea_set_min: 15, grea_set_max: 500, grea_permutation: 100, shinyngs_build_app: true, skip_reports: false, shinyngs_deploy_to_shinyapps_io: false, shinyngs_shinyapps_account: null, shinyngs_shinyapps_app_name: null, logo_file: /home/laurens/.nextflow/assets/.repos/nf-core/differentialabundance/clones/30ed7741fc392127156c2fb10cfa3d69d216b54b/docs/images/nf-core-differentialabundance_logo_light.png, css_file: /home/laurens/.nextflow/assets/.repos/nf-core/differentialabundance/clones/30ed7741fc392127156c2fb10cfa3d69d216b54b/assets/nf-core_style.css, citations_file: /home/laurens/.nextflow/assets/.repos/nf-core/differentialabundance/clones/30ed7741fc392127156c2fb10cfa3d69d216b54b/CITATIONS.md, report_file: /home/laurens/.nextflow/assets/.repos/nf-core/differentialabundance/clones/30ed7741fc392127156c2fb10cfa3d69d216b54b/assets/differentialabundance_report.qmd, report_title: null, report_author: null, report_contributors: null, report_description: null, disable_report_modules: null, genome: null, igenomes_base: 's3://ngi-igenomes/igenomes/', igenomes_ignore: false, publish_dir_mode: copy, email: null, email_on_fail: null, plaintext_email: false, monochrome_logs: false, version: false, pipelines_testdata_base_path: 'https://raw.githubusercontent.com/nf-core/test-datasets/', config_profile_name: null, config_profile_description: null, custom_config_version: master, custom_config_base: 'https://raw.githubusercontent.com/nf-core/configs/master', config_profile_contact: null, config_profile_url: null, validate_params: true, differential_fc_column: log2FoldChange, differential_pval_column: pvalue, differential_qval_column: padj, differential_foldchanges_logged: true}, differential_method: deseq2, paramset_name: rnaseq}, plots/qc/rnaseq/oxy_vs_sal_in_SNI_nac_all16.deseq2.dispersion.png]
    - [rdata, {id: oxy_vs_sal_in_SNI_nac_all16, variable: Condition, reference: SNI_Sal, target: SNI_oxy, blocking: '', formula: null, make_contrasts_str: null, params: {contrasts: contrasts_paper.csv, gtf: reference/genes_GRCm38_igenomes.gtf, differential_max_pval: 0.05, differential_max_qval: 1.0, differential_min_fold_change: 1.41421, deseq2_shrink_lfc: false, seed: 42, exploratory_main_variable: Condition, input: samplesheet.csv, matrix: data/salmon.merged.gene_counts.tsv, feature_length_matrix: salmon.merged.gene_lengths.tsv, study_name: nac_all16, outdir: results/all16, study_type: rnaseq, study_abundance_type: counts, querygse: null, control_features: null, sizefactors_from_controls: false, round_digits: -1, paramsheet: null, observations_type: sample, observations_id_col: sample, observations_name_col: sample, features: null, features_type: gene, features_id_col: gene_id, features_name_col: gene_name, features_metadata_cols: 'gene_id,gene_name,gene_biotype', features_gtf_feature_type: transcript, features_gtf_table_first_field: gene_id, affy_cel_files_archive: null, affy_file_name_col: file, affy_background: true, affy_bgversion: 2, affy_destructive: false, affy_cdfname: null, affy_rm_mask: false, affy_rm_outliers: false, affy_rm_extra: false, affy_build_annotation: true, proteus_measurecol_prefix: LFQ intensity, proteus_norm_function: normalizeMedian, proteus_plotsd_method: violin, proteus_plotmv_loess: true, proteus_palette_name: Set1, filtering_min_samples: 1.0, filtering_min_abundance: 1, filtering_min_proportion: null, filtering_grouping_var: null, filtering_min_proportion_not_na: 0.5, filtering_min_samples_not_na: null, exploratory_clustering_method: ward.D2, exploratory_cor_method: spearman, exploratory_n_features: 500, exploratory_whisker_distance: 1.5, exploratory_mad_threshold: -5, exploratory_assay_names: 'raw,normalised,variance_stabilised', exploratory_final_assay: variance_stabilised, exploratory_log2_assays: 'raw,normalised', exploratory_palette_name: Set1, differential_method: deseq2, differential_file_suffix: .deseq2.results.tsv, differential_feature_id_column: gene_id, differential_palette_name: Set1, differential_subset_to_contrast_samples: false, deseq2_test: Wald, deseq2_fit_type: parametric, deseq2_sf_type: ratio, deseq2_min_replicates_for_replace: 7, deseq2_use_t: false, deseq2_lfc_threshold: 0, deseq2_alt_hypothesis: greaterAbs, deseq2_independent_filtering: true, deseq2_p_adjust_method: BH, deseq2_alpha: 0.1, deseq2_minmu: 0.5, deseq2_vs_method: vst, deseq2_vs_blind: true, deseq2_vst_nsub: 1000, limma_ndups: null, limma_spacing: null, limma_block: null, limma_correlation: null, limma_method: ls, limma_proportion: 0.01, limma_stdev_coef_lim: '0.1,4', limma_trend: false, limma_robust: false, limma_winsor_tail_p: '0.05,0.1', limma_adjust_method: BH, limma_p_value: 1.0, limma_lfc: 0, limma_confint: false, limma_use_voom: false, dream_adjust_method: BH, dream_p_value: 1, dream_lfc: 0, dream_confint: false, dream_proportion: 0.01, dream_stdev_coef_lim: '0.1,4', dream_trend: false, dream_robust: false, dream_winsor_tail_p: '0.05,0.1', dream_ddf: adaptive, dream_reml: false, dream_apply_voom: false, propd_alpha: null, propd_moderated: true, propd_fdr: 0.05, propd_permutation: 0, propd_number_of_cutoffs: 100, propd_save_pairwise: false, propd_save_pairwise_full: false, propd_save_adjacency: false, propd_save_rdata: false, functional_method: none, gene_sets_files: null, gsea_nperm: 1000, gsea_permute: phenotype, gsea_scoring_scheme: weighted, gsea_metric: Signal2Noise, gsea_sort: real, gsea_order: descending, gsea_set_max: 500, gsea_set_min: 15, gsea_norm: meandiv, gsea_rnd_type: no_balance, gsea_make_sets: true, gsea_median: false, gsea_num: 100, gsea_plot_top_x: 20, gsea_save_rnd_lists: false, gsea_zip_report: false, gprofiler2_organism: null, gprofiler2_significant: true, gprofiler2_measure_underrepresentation: false, gprofiler2_correction_method: gSCS, gprofiler2_sources: null, gprofiler2_evcodes: false, gprofiler2_max_qval: 0.05, gprofiler2_token: null, gprofiler2_background_file: auto, gprofiler2_background_column: null, gprofiler2_domain_scope: annotated, gprofiler2_min_diff: 1, gprofiler2_palette_name: Blues, decoupler_network: null, decoupler_min_n: 5, decoupler_methods: ulm, grea_set_min: 15, grea_set_max: 500, grea_permutation: 100, shinyngs_build_app: true, skip_reports: false, shinyngs_deploy_to_shinyapps_io: false, shinyngs_shinyapps_account: null, shinyngs_shinyapps_app_name: null, logo_file: /home/laurens/.nextflow/assets/.repos/nf-core/differentialabundance/clones/30ed7741fc392127156c2fb10cfa3d69d216b54b/docs/images/nf-core-differentialabundance_logo_light.png, css_file: /home/laurens/.nextflow/assets/.repos/nf-core/differentialabundance/clones/30ed7741fc392127156c2fb10cfa3d69d216b54b/assets/nf-core_style.css, citations_file: /home/laurens/.nextflow/assets/.repos/nf-core/differentialabundance/clones/30ed7741fc392127156c2fb10cfa3d69d216b54b/CITATIONS.md, report_file: /home/laurens/.nextflow/assets/.repos/nf-core/differentialabundance/clones/30ed7741fc392127156c2fb10cfa3d69d216b54b/assets/differentialabundance_report.qmd, report_title: null, report_author: null, report_contributors: null, report_description: null, disable_report_modules: null, genome: null, igenomes_base: 's3://ngi-igenomes/igenomes/', igenomes_ignore: false, publish_dir_mode: copy, email: null, email_on_fail: null, plaintext_email: false, monochrome_logs: false, version: false, pipelines_testdata_base_path: 'https://raw.githubusercontent.com/nf-core/test-datasets/', config_profile_name: null, config_profile_description: null, custom_config_version: master, custom_config_base: 'https://raw.githubusercontent.com/nf-core/configs/master', config_profile_contact: null, config_profile_url: null, validate_params: true, differential_fc_column: log2FoldChange, differential_pval_column: pvalue, differential_qval_column: padj, differential_foldchanges_logged: true}, differential_method: deseq2, paramset_name: rnaseq}, other/deseq2/rnaseq/oxy_vs_sal_in_SNI_nac_all16.dds.rld.rds]
    - [session_info, {id: oxy_vs_sal_in_SNI_nac_all16, variable: Condition, reference: SNI_Sal, target: SNI_oxy, blocking: '', formula: null, make_contrasts_str: null, params: {contrasts: contrasts_paper.csv, gtf: reference/genes_GRCm38_igenomes.gtf, differential_max_pval: 0.05, differential_max_qval: 1.0, differential_min_fold_change: 1.41421, deseq2_shrink_lfc: false, seed: 42, exploratory_main_variable: Condition, input: samplesheet.csv, matrix: data/salmon.merged.gene_counts.tsv, feature_length_matrix: salmon.merged.gene_lengths.tsv, study_name: nac_all16, outdir: results/all16, study_type: rnaseq, study_abundance_type: counts, querygse: null, control_features: null, sizefactors_from_controls: false, round_digits: -1, paramsheet: null, observations_type: sample, observations_id_col: sample, observations_name_col: sample, features: null, features_type: gene, features_id_col: gene_id, features_name_col: gene_name, features_metadata_cols: 'gene_id,gene_name,gene_biotype', features_gtf_feature_type: transcript, features_gtf_table_first_field: gene_id, affy_cel_files_archive: null, affy_file_name_col: file, affy_background: true, affy_bgversion: 2, affy_destructive: false, affy_cdfname: null, affy_rm_mask: false, affy_rm_outliers: false, affy_rm_extra: false, affy_build_annotation: true, proteus_measurecol_prefix: LFQ intensity, proteus_norm_function: normalizeMedian, proteus_plotsd_method: violin, proteus_plotmv_loess: true, proteus_palette_name: Set1, filtering_min_samples: 1.0, filtering_min_abundance: 1, filtering_min_proportion: null, filtering_grouping_var: null, filtering_min_proportion_not_na: 0.5, filtering_min_samples_not_na: null, exploratory_clustering_method: ward.D2, exploratory_cor_method: spearman, exploratory_n_features: 500, exploratory_whisker_distance: 1.5, exploratory_mad_threshold: -5, exploratory_assay_names: 'raw,normalised,variance_stabilised', exploratory_final_assay: variance_stabilised, exploratory_log2_assays: 'raw,normalised', exploratory_palette_name: Set1, differential_method: deseq2, differential_file_suffix: .deseq2.results.tsv, differential_feature_id_column: gene_id, differential_palette_name: Set1, differential_subset_to_contrast_samples: false, deseq2_test: Wald, deseq2_fit_type: parametric, deseq2_sf_type: ratio, deseq2_min_replicates_for_replace: 7, deseq2_use_t: false, deseq2_lfc_threshold: 0, deseq2_alt_hypothesis: greaterAbs, deseq2_independent_filtering: true, deseq2_p_adjust_method: BH, deseq2_alpha: 0.1, deseq2_minmu: 0.5, deseq2_vs_method: vst, deseq2_vs_blind: true, deseq2_vst_nsub: 1000, limma_ndups: null, limma_spacing: null, limma_block: null, limma_correlation: null, limma_method: ls, limma_proportion: 0.01, limma_stdev_coef_lim: '0.1,4', limma_trend: false, limma_robust: false, limma_winsor_tail_p: '0.05,0.1', limma_adjust_method: BH, limma_p_value: 1.0, limma_lfc: 0, limma_confint: false, limma_use_voom: false, dream_adjust_method: BH, dream_p_value: 1, dream_lfc: 0, dream_confint: false, dream_proportion: 0.01, dream_stdev_coef_lim: '0.1,4', dream_trend: false, dream_robust: false, dream_winsor_tail_p: '0.05,0.1', dream_ddf: adaptive, dream_reml: false, dream_apply_voom: false, propd_alpha: null, propd_moderated: true, propd_fdr: 0.05, propd_permutation: 0, propd_number_of_cutoffs: 100, propd_save_pairwise: false, propd_save_pairwise_full: false, propd_save_adjacency: false, propd_save_rdata: false, functional_method: none, gene_sets_files: null, gsea_nperm: 1000, gsea_permute: phenotype, gsea_scoring_scheme: weighted, gsea_metric: Signal2Noise, gsea_sort: real, gsea_order: descending, gsea_set_max: 500, gsea_set_min: 15, gsea_norm: meandiv, gsea_rnd_type: no_balance, gsea_make_sets: true, gsea_median: false, gsea_num: 100, gsea_plot_top_x: 20, gsea_save_rnd_lists: false, gsea_zip_report: false, gprofiler2_organism: null, gprofiler2_significant: true, gprofiler2_measure_underrepresentation: false, gprofiler2_correction_method: gSCS, gprofiler2_sources: null, gprofiler2_evcodes: false, gprofiler2_max_qval: 0.05, gprofiler2_token: null, gprofiler2_background_file: auto, gprofiler2_background_column: null, gprofiler2_domain_scope: annotated, gprofiler2_min_diff: 1, gprofiler2_palette_name: Blues, decoupler_network: null, decoupler_min_n: 5, decoupler_methods: ulm, grea_set_min: 15, grea_set_max: 500, grea_permutation: 100, shinyngs_build_app: true, skip_reports: false, shinyngs_deploy_to_shinyapps_io: false, shinyngs_shinyapps_account: null, shinyngs_shinyapps_app_name: null, logo_file: /home/laurens/.nextflow/assets/.repos/nf-core/differentialabundance/clones/30ed7741fc392127156c2fb10cfa3d69d216b54b/docs/images/nf-core-differentialabundance_logo_light.png, css_file: /home/laurens/.nextflow/assets/.repos/nf-core/differentialabundance/clones/30ed7741fc392127156c2fb10cfa3d69d216b54b/assets/nf-core_style.css, citations_file: /home/laurens/.nextflow/assets/.repos/nf-core/differentialabundance/clones/30ed7741fc392127156c2fb10cfa3d69d216b54b/CITATIONS.md, report_file: /home/laurens/.nextflow/assets/.repos/nf-core/differentialabundance/clones/30ed7741fc392127156c2fb10cfa3d69d216b54b/assets/differentialabundance_report.qmd, report_title: null, report_author: null, report_contributors: null, report_description: null, disable_report_modules: null, genome: null, igenomes_base: 's3://ngi-igenomes/igenomes/', igenomes_ignore: false, publish_dir_mode: copy, email: null, email_on_fail: null, plaintext_email: false, monochrome_logs: false, version: false, pipelines_testdata_base_path: 'https://raw.githubusercontent.com/nf-core/test-datasets/', config_profile_name: null, config_profile_description: null, custom_config_version: master, custom_config_base: 'https://raw.githubusercontent.com/nf-core/configs/master', config_profile_contact: null, config_profile_url: null, validate_params: true, differential_fc_column: log2FoldChange, differential_pval_column: pvalue, differential_qval_column: padj, differential_foldchanges_logged: true}, differential_method: deseq2, paramset_name: rnaseq}, other/deseq2/rnaseq/oxy_vs_sal_in_SNI_nac_all16.R_sessionInfo.log]
    - [size_factors, {id: oxy_vs_sal_in_SNI_nac_all16, variable: Condition, reference: SNI_Sal, target: SNI_oxy, blocking: '', formula: null, make_contrasts_str: null, params: {contrasts: contrasts_paper.csv, gtf: reference/genes_GRCm38_igenomes.gtf, differential_max_pval: 0.05, differential_max_qval: 1.0, differential_min_fold_change: 1.41421, deseq2_shrink_lfc: false, seed: 42, exploratory_main_variable: Condition, input: samplesheet.csv, matrix: data/salmon.merged.gene_counts.tsv, feature_length_matrix: salmon.merged.gene_lengths.tsv, study_name: nac_all16, outdir: results/all16, study_type: rnaseq, study_abundance_type: counts, querygse: null, control_features: null, sizefactors_from_controls: false, round_digits: -1, paramsheet: null, observations_type: sample, observations_id_col: sample, observations_name_col: sample, features: null, features_type: gene, features_id_col: gene_id, features_name_col: gene_name, features_metadata_cols: 'gene_id,gene_name,gene_biotype', features_gtf_feature_type: transcript, features_gtf_table_first_field: gene_id, affy_cel_files_archive: null, affy_file_name_col: file, affy_background: true, affy_bgversion: 2, affy_destructive: false, affy_cdfname: null, affy_rm_mask: false, affy_rm_outliers: false, affy_rm_extra: false, affy_build_annotation: true, proteus_measurecol_prefix: LFQ intensity, proteus_norm_function: normalizeMedian, proteus_plotsd_method: violin, proteus_plotmv_loess: true, proteus_palette_name: Set1, filtering_min_samples: 1.0, filtering_min_abundance: 1, filtering_min_proportion: null, filtering_grouping_var: null, filtering_min_proportion_not_na: 0.5, filtering_min_samples_not_na: null, exploratory_clustering_method: ward.D2, exploratory_cor_method: spearman, exploratory_n_features: 500, exploratory_whisker_distance: 1.5, exploratory_mad_threshold: -5, exploratory_assay_names: 'raw,normalised,variance_stabilised', exploratory_final_assay: variance_stabilised, exploratory_log2_assays: 'raw,normalised', exploratory_palette_name: Set1, differential_method: deseq2, differential_file_suffix: .deseq2.results.tsv, differential_feature_id_column: gene_id, differential_palette_name: Set1, differential_subset_to_contrast_samples: false, deseq2_test: Wald, deseq2_fit_type: parametric, deseq2_sf_type: ratio, deseq2_min_replicates_for_replace: 7, deseq2_use_t: false, deseq2_lfc_threshold: 0, deseq2_alt_hypothesis: greaterAbs, deseq2_independent_filtering: true, deseq2_p_adjust_method: BH, deseq2_alpha: 0.1, deseq2_minmu: 0.5, deseq2_vs_method: vst, deseq2_vs_blind: true, deseq2_vst_nsub: 1000, limma_ndups: null, limma_spacing: null, limma_block: null, limma_correlation: null, limma_method: ls, limma_proportion: 0.01, limma_stdev_coef_lim: '0.1,4', limma_trend: false, limma_robust: false, limma_winsor_tail_p: '0.05,0.1', limma_adjust_method: BH, limma_p_value: 1.0, limma_lfc: 0, limma_confint: false, limma_use_voom: false, dream_adjust_method: BH, dream_p_value: 1, dream_lfc: 0, dream_confint: false, dream_proportion: 0.01, dream_stdev_coef_lim: '0.1,4', dream_trend: false, dream_robust: false, dream_winsor_tail_p: '0.05,0.1', dream_ddf: adaptive, dream_reml: false, dream_apply_voom: false, propd_alpha: null, propd_moderated: true, propd_fdr: 0.05, propd_permutation: 0, propd_number_of_cutoffs: 100, propd_save_pairwise: false, propd_save_pairwise_full: false, propd_save_adjacency: false, propd_save_rdata: false, functional_method: none, gene_sets_files: null, gsea_nperm: 1000, gsea_permute: phenotype, gsea_scoring_scheme: weighted, gsea_metric: Signal2Noise, gsea_sort: real, gsea_order: descending, gsea_set_max: 500, gsea_set_min: 15, gsea_norm: meandiv, gsea_rnd_type: no_balance, gsea_make_sets: true, gsea_median: false, gsea_num: 100, gsea_plot_top_x: 20, gsea_save_rnd_lists: false, gsea_zip_report: false, gprofiler2_organism: null, gprofiler2_significant: true, gprofiler2_measure_underrepresentation: false, gprofiler2_correction_method: gSCS, gprofiler2_sources: null, gprofiler2_evcodes: false, gprofiler2_max_qval: 0.05, gprofiler2_token: null, gprofiler2_background_file: auto, gprofiler2_background_column: null, gprofiler2_domain_scope: annotated, gprofiler2_min_diff: 1, gprofiler2_palette_name: Blues, decoupler_network: null, decoupler_min_n: 5, decoupler_methods: ulm, grea_set_min: 15, grea_set_max: 500, grea_permutation: 100, shinyngs_build_app: true, skip_reports: false, shinyngs_deploy_to_shinyapps_io: false, shinyngs_shinyapps_account: null, shinyngs_shinyapps_app_name: null, logo_file: /home/laurens/.nextflow/assets/.repos/nf-core/differentialabundance/clones/30ed7741fc392127156c2fb10cfa3d69d216b54b/docs/images/nf-core-differentialabundance_logo_light.png, css_file: /home/laurens/.nextflow/assets/.repos/nf-core/differentialabundance/clones/30ed7741fc392127156c2fb10cfa3d69d216b54b/assets/nf-core_style.css, citations_file: /home/laurens/.nextflow/assets/.repos/nf-core/differentialabundance/clones/30ed7741fc392127156c2fb10cfa3d69d216b54b/CITATIONS.md, report_file: /home/laurens/.nextflow/assets/.repos/nf-core/differentialabundance/clones/30ed7741fc392127156c2fb10cfa3d69d216b54b/assets/differentialabundance_report.qmd, report_title: null, report_author: null, report_contributors: null, report_description: null, disable_report_modules: null, genome: null, igenomes_base: 's3://ngi-igenomes/igenomes/', igenomes_ignore: false, publish_dir_mode: copy, email: null, email_on_fail: null, plaintext_email: false, monochrome_logs: false, version: false, pipelines_testdata_base_path: 'https://raw.githubusercontent.com/nf-core/test-datasets/', config_profile_name: null, config_profile_description: null, custom_config_version: master, custom_config_base: 'https://raw.githubusercontent.com/nf-core/configs/master', config_profile_contact: null, config_profile_url: null, validate_params: true, differential_fc_column: log2FoldChange, differential_pval_column: pvalue, differential_qval_column: padj, differential_foldchanges_logged: true}, differential_method: deseq2, paramset_name: rnaseq}, other/deseq2/rnaseq/oxy_vs_sal_in_SNI_nac_all16.deseq2.sizefactors.tsv]
    - [results, {id: oxy_vs_sal_in_SNI_nac_all16, variable: Condition, reference: SNI_Sal, target: SNI_oxy, blocking: '', formula: null, make_contrasts_str: null, params: {contrasts: contrasts_paper.csv, gtf: reference/genes_GRCm38_igenomes.gtf, differential_max_pval: 0.05, differential_max_qval: 1.0, differential_min_fold_change: 1.41421, deseq2_shrink_lfc: false, seed: 42, exploratory_main_variable: Condition, input: samplesheet.csv, matrix: data/salmon.merged.gene_counts.tsv, feature_length_matrix: salmon.merged.gene_lengths.tsv, study_name: nac_all16, outdir: results/all16, study_type: rnaseq, study_abundance_type: counts, querygse: null, control_features: null, sizefactors_from_controls: false, round_digits: -1, paramsheet: null, observations_type: sample, observations_id_col: sample, observations_name_col: sample, features: null, features_type: gene, features_id_col: gene_id, features_name_col: gene_name, features_metadata_cols: 'gene_id,gene_name,gene_biotype', features_gtf_feature_type: transcript, features_gtf_table_first_field: gene_id, affy_cel_files_archive: null, affy_file_name_col: file, affy_background: true, affy_bgversion: 2, affy_destructive: false, affy_cdfname: null, affy_rm_mask: false, affy_rm_outliers: false, affy_rm_extra: false, affy_build_annotation: true, proteus_measurecol_prefix: LFQ intensity, proteus_norm_function: normalizeMedian, proteus_plotsd_method: violin, proteus_plotmv_loess: true, proteus_palette_name: Set1, filtering_min_samples: 1.0, filtering_min_abundance: 1, filtering_min_proportion: null, filtering_grouping_var: null, filtering_min_proportion_not_na: 0.5, filtering_min_samples_not_na: null, exploratory_clustering_method: ward.D2, exploratory_cor_method: spearman, exploratory_n_features: 500, exploratory_whisker_distance: 1.5, exploratory_mad_threshold: -5, exploratory_assay_names: 'raw,normalised,variance_stabilised', exploratory_final_assay: variance_stabilised, exploratory_log2_assays: 'raw,normalised', exploratory_palette_name: Set1, differential_method: deseq2, differential_file_suffix: .deseq2.results.tsv, differential_feature_id_column: gene_id, differential_palette_name: Set1, differential_subset_to_contrast_samples: false, deseq2_test: Wald, deseq2_fit_type: parametric, deseq2_sf_type: ratio, deseq2_min_replicates_for_replace: 7, deseq2_use_t: false, deseq2_lfc_threshold: 0, deseq2_alt_hypothesis: greaterAbs, deseq2_independent_filtering: true, deseq2_p_adjust_method: BH, deseq2_alpha: 0.1, deseq2_minmu: 0.5, deseq2_vs_method: vst, deseq2_vs_blind: true, deseq2_vst_nsub: 1000, limma_ndups: null, limma_spacing: null, limma_block: null, limma_correlation: null, limma_method: ls, limma_proportion: 0.01, limma_stdev_coef_lim: '0.1,4', limma_trend: false, limma_robust: false, limma_winsor_tail_p: '0.05,0.1', limma_adjust_method: BH, limma_p_value: 1.0, limma_lfc: 0, limma_confint: false, limma_use_voom: false, dream_adjust_method: BH, dream_p_value: 1, dream_lfc: 0, dream_confint: false, dream_proportion: 0.01, dream_stdev_coef_lim: '0.1,4', dream_trend: false, dream_robust: false, dream_winsor_tail_p: '0.05,0.1', dream_ddf: adaptive, dream_reml: false, dream_apply_voom: false, propd_alpha: null, propd_moderated: true, propd_fdr: 0.05, propd_permutation: 0, propd_number_of_cutoffs: 100, propd_save_pairwise: false, propd_save_pairwise_full: false, propd_save_adjacency: false, propd_save_rdata: false, functional_method: none, gene_sets_files: null, gsea_nperm: 1000, gsea_permute: phenotype, gsea_scoring_scheme: weighted, gsea_metric: Signal2Noise, gsea_sort: real, gsea_order: descending, gsea_set_max: 500, gsea_set_min: 15, gsea_norm: meandiv, gsea_rnd_type: no_balance, gsea_make_sets: true, gsea_median: false, gsea_num: 100, gsea_plot_top_x: 20, gsea_save_rnd_lists: false, gsea_zip_report: false, gprofiler2_organism: null, gprofiler2_significant: true, gprofiler2_measure_underrepresentation: false, gprofiler2_correction_method: gSCS, gprofiler2_sources: null, gprofiler2_evcodes: false, gprofiler2_max_qval: 0.05, gprofiler2_token: null, gprofiler2_background_file: auto, gprofiler2_background_column: null, gprofiler2_domain_scope: annotated, gprofiler2_min_diff: 1, gprofiler2_palette_name: Blues, decoupler_network: null, decoupler_min_n: 5, decoupler_methods: ulm, grea_set_min: 15, grea_set_max: 500, grea_permutation: 100, shinyngs_build_app: true, skip_reports: false, shinyngs_deploy_to_shinyapps_io: false, shinyngs_shinyapps_account: null, shinyngs_shinyapps_app_name: null, logo_file: /home/laurens/.nextflow/assets/.repos/nf-core/differentialabundance/clones/30ed7741fc392127156c2fb10cfa3d69d216b54b/docs/images/nf-core-differentialabundance_logo_light.png, css_file: /home/laurens/.nextflow/assets/.repos/nf-core/differentialabundance/clones/30ed7741fc392127156c2fb10cfa3d69d216b54b/assets/nf-core_style.css, citations_file: /home/laurens/.nextflow/assets/.repos/nf-core/differentialabundance/clones/30ed7741fc392127156c2fb10cfa3d69d216b54b/CITATIONS.md, report_file: /home/laurens/.nextflow/assets/.repos/nf-core/differentialabundance/clones/30ed7741fc392127156c2fb10cfa3d69d216b54b/assets/differentialabundance_report.qmd, report_title: null, report_author: null, report_contributors: null, report_description: null, disable_report_modules: null, genome: null, igenomes_base: 's3://ngi-igenomes/igenomes/', igenomes_ignore: false, publish_dir_mode: copy, email: null, email_on_fail: null, plaintext_email: false, monochrome_logs: false, version: false, pipelines_testdata_base_path: 'https://raw.githubusercontent.com/nf-core/test-datasets/', config_profile_name: null, config_profile_description: null, custom_config_version: master, custom_config_base: 'https://raw.githubusercontent.com/nf-core/configs/master', config_profile_contact: null, config_profile_url: null, validate_params: true, differential_fc_column: log2FoldChange, differential_pval_column: pvalue, differential_qval_column: padj, differential_foldchanges_logged: true}, paramset_name: rnaseq}, tables/differential/rnaseq/oxy_vs_sal_in_SNI_nac_all16.deseq2.results.tsv]
    - ... (27 more items)

  functional:

  plotting:
    - [exploratory, {id: Condition, params: {contrasts: contrasts_paper.csv, gtf: reference/genes_GRCm38_igenomes.gtf, differential_max_pval: 0.05, differential_max_qval: 1.0, differential_min_fold_change: 1.41421, deseq2_shrink_lfc: false, seed: 42, exploratory_main_variable: Condition, input: samplesheet.csv, matrix: data/salmon.merged.gene_counts.tsv, feature_length_matrix: salmon.merged.gene_lengths.tsv, study_name: nac_all16, outdir: results/all16, study_type: rnaseq, study_abundance_type: counts, querygse: null, control_features: null, sizefactors_from_controls: false, round_digits: -1, paramsheet: null, observations_type: sample, observations_id_col: sample, observations_name_col: sample, features: null, features_type: gene, features_id_col: gene_id, features_name_col: gene_name, features_metadata_cols: 'gene_id,gene_name,gene_biotype', features_gtf_feature_type: transcript, features_gtf_table_first_field: gene_id, affy_cel_files_archive: null, affy_file_name_col: file, affy_background: true, affy_bgversion: 2, affy_destructive: false, affy_cdfname: null, affy_rm_mask: false, affy_rm_outliers: false, affy_rm_extra: false, affy_build_annotation: true, proteus_measurecol_prefix: LFQ intensity, proteus_norm_function: normalizeMedian, proteus_plotsd_method: violin, proteus_plotmv_loess: true, proteus_palette_name: Set1, filtering_min_samples: 1.0, filtering_min_abundance: 1, filtering_min_proportion: null, filtering_grouping_var: null, filtering_min_proportion_not_na: 0.5, filtering_min_samples_not_na: null, exploratory_clustering_method: ward.D2, exploratory_cor_method: spearman, exploratory_n_features: 500, exploratory_whisker_distance: 1.5, exploratory_mad_threshold: -5, exploratory_assay_names: 'raw,normalised,variance_stabilised', exploratory_final_assay: variance_stabilised, exploratory_log2_assays: 'raw,normalised', exploratory_palette_name: Set1, differential_method: deseq2, differential_file_suffix: .deseq2.results.tsv, differential_feature_id_column: gene_id, differential_palette_name: Set1, differential_subset_to_contrast_samples: false, deseq2_test: Wald, deseq2_fit_type: parametric, deseq2_sf_type: ratio, deseq2_min_replicates_for_replace: 7, deseq2_use_t: false, deseq2_lfc_threshold: 0, deseq2_alt_hypothesis: greaterAbs, deseq2_independent_filtering: true, deseq2_p_adjust_method: BH, deseq2_alpha: 0.1, deseq2_minmu: 0.5, deseq2_vs_method: vst, deseq2_vs_blind: true, deseq2_vst_nsub: 1000, limma_ndups: null, limma_spacing: null, limma_block: null, limma_correlation: null, limma_method: ls, limma_proportion: 0.01, limma_stdev_coef_lim: '0.1,4', limma_trend: false, limma_robust: false, limma_winsor_tail_p: '0.05,0.1', limma_adjust_method: BH, limma_p_value: 1.0, limma_lfc: 0, limma_confint: false, limma_use_voom: false, dream_adjust_method: BH, dream_p_value: 1, dream_lfc: 0, dream_confint: false, dream_proportion: 0.01, dream_stdev_coef_lim: '0.1,4', dream_trend: false, dream_robust: false, dream_winsor_tail_p: '0.05,0.1', dream_ddf: adaptive, dream_reml: false, dream_apply_voom: false, propd_alpha: null, propd_moderated: true, propd_fdr: 0.05, propd_permutation: 0, propd_number_of_cutoffs: 100, propd_save_pairwise: false, propd_save_pairwise_full: false, propd_save_adjacency: false, propd_save_rdata: false, functional_method: none, gene_sets_files: null, gsea_nperm: 1000, gsea_permute: phenotype, gsea_scoring_scheme: weighted, gsea_metric: Signal2Noise, gsea_sort: real, gsea_order: descending, gsea_set_max: 500, gsea_set_min: 15, gsea_norm: meandiv, gsea_rnd_type: no_balance, gsea_make_sets: true, gsea_median: false, gsea_num: 100, gsea_plot_top_x: 20, gsea_save_rnd_lists: false, gsea_zip_report: false, gprofiler2_organism: null, gprofiler2_significant: true, gprofiler2_measure_underrepresentation: false, gprofiler2_correction_method: gSCS, gprofiler2_sources: null, gprofiler2_evcodes: false, gprofiler2_max_qval: 0.05, gprofiler2_token: null, gprofiler2_background_file: auto, gprofiler2_background_column: null, gprofiler2_domain_scope: annotated, gprofiler2_min_diff: 1, gprofiler2_palette_name: Blues, decoupler_network: null, decoupler_min_n: 5, decoupler_methods: ulm, grea_set_min: 15, grea_set_max: 500, grea_permutation: 100, shinyngs_build_app: true, skip_reports: false, shinyngs_deploy_to_shinyapps_io: false, shinyngs_shinyapps_account: null, shinyngs_shinyapps_app_name: null, logo_file: /home/laurens/.nextflow/assets/.repos/nf-core/differentialabundance/clones/30ed7741fc392127156c2fb10cfa3d69d216b54b/docs/images/nf-core-differentialabundance_logo_light.png, css_file: /home/laurens/.nextflow/assets/.repos/nf-core/differentialabundance/clones/30ed7741fc392127156c2fb10cfa3d69d216b54b/assets/nf-core_style.css, citations_file: /home/laurens/.nextflow/assets/.repos/nf-core/differentialabundance/clones/30ed7741fc392127156c2fb10cfa3d69d216b54b/CITATIONS.md, report_file: /home/laurens/.nextflow/assets/.repos/nf-core/differentialabundance/clones/30ed7741fc392127156c2fb10cfa3d69d216b54b/assets/differentialabundance_report.qmd, report_title: null, report_author: null, report_contributors: null, report_description: null, disable_report_modules: null, genome: null, igenomes_base: 's3://ngi-igenomes/igenomes/', igenomes_ignore: false, publish_dir_mode: copy, email: null, email_on_fail: null, plaintext_email: false, monochrome_logs: false, version: false, pipelines_testdata_base_path: 'https://raw.githubusercontent.com/nf-core/test-datasets/', config_profile_name: null, config_profile_description: null, custom_config_version: master, custom_config_base: 'https://raw.githubusercontent.com/nf-core/configs/master', config_profile_contact: null, config_profile_url: null, validate_params: true, differential_fc_column: log2FoldChange, differential_pval_column: pvalue, differential_qval_column: padj, differential_foldchanges_logged: true}, paramset_name: rnaseq}, plots/exploratory/rnaseq/Condition/png/boxplot.png]
    - [exploratory, {id: Condition, params: {contrasts: contrasts_paper.csv, gtf: reference/genes_GRCm38_igenomes.gtf, differential_max_pval: 0.05, differential_max_qval: 1.0, differential_min_fold_change: 1.41421, deseq2_shrink_lfc: false, seed: 42, exploratory_main_variable: Condition, input: samplesheet.csv, matrix: data/salmon.merged.gene_counts.tsv, feature_length_matrix: salmon.merged.gene_lengths.tsv, study_name: nac_all16, outdir: results/all16, study_type: rnaseq, study_abundance_type: counts, querygse: null, control_features: null, sizefactors_from_controls: false, round_digits: -1, paramsheet: null, observations_type: sample, observations_id_col: sample, observations_name_col: sample, features: null, features_type: gene, features_id_col: gene_id, features_name_col: gene_name, features_metadata_cols: 'gene_id,gene_name,gene_biotype', features_gtf_feature_type: transcript, features_gtf_table_first_field: gene_id, affy_cel_files_archive: null, affy_file_name_col: file, affy_background: true, affy_bgversion: 2, affy_destructive: false, affy_cdfname: null, affy_rm_mask: false, affy_rm_outliers: false, affy_rm_extra: false, affy_build_annotation: true, proteus_measurecol_prefix: LFQ intensity, proteus_norm_function: normalizeMedian, proteus_plotsd_method: violin, proteus_plotmv_loess: true, proteus_palette_name: Set1, filtering_min_samples: 1.0, filtering_min_abundance: 1, filtering_min_proportion: null, filtering_grouping_var: null, filtering_min_proportion_not_na: 0.5, filtering_min_samples_not_na: null, exploratory_clustering_method: ward.D2, exploratory_cor_method: spearman, exploratory_n_features: 500, exploratory_whisker_distance: 1.5, exploratory_mad_threshold: -5, exploratory_assay_names: 'raw,normalised,variance_stabilised', exploratory_final_assay: variance_stabilised, exploratory_log2_assays: 'raw,normalised', exploratory_palette_name: Set1, differential_method: deseq2, differential_file_suffix: .deseq2.results.tsv, differential_feature_id_column: gene_id, differential_palette_name: Set1, differential_subset_to_contrast_samples: false, deseq2_test: Wald, deseq2_fit_type: parametric, deseq2_sf_type: ratio, deseq2_min_replicates_for_replace: 7, deseq2_use_t: false, deseq2_lfc_threshold: 0, deseq2_alt_hypothesis: greaterAbs, deseq2_independent_filtering: true, deseq2_p_adjust_method: BH, deseq2_alpha: 0.1, deseq2_minmu: 0.5, deseq2_vs_method: vst, deseq2_vs_blind: true, deseq2_vst_nsub: 1000, limma_ndups: null, limma_spacing: null, limma_block: null, limma_correlation: null, limma_method: ls, limma_proportion: 0.01, limma_stdev_coef_lim: '0.1,4', limma_trend: false, limma_robust: false, limma_winsor_tail_p: '0.05,0.1', limma_adjust_method: BH, limma_p_value: 1.0, limma_lfc: 0, limma_confint: false, limma_use_voom: false, dream_adjust_method: BH, dream_p_value: 1, dream_lfc: 0, dream_confint: false, dream_proportion: 0.01, dream_stdev_coef_lim: '0.1,4', dream_trend: false, dream_robust: false, dream_winsor_tail_p: '0.05,0.1', dream_ddf: adaptive, dream_reml: false, dream_apply_voom: false, propd_alpha: null, propd_moderated: true, propd_fdr: 0.05, propd_permutation: 0, propd_number_of_cutoffs: 100, propd_save_pairwise: false, propd_save_pairwise_full: false, propd_save_adjacency: false, propd_save_rdata: false, functional_method: none, gene_sets_files: null, gsea_nperm: 1000, gsea_permute: phenotype, gsea_scoring_scheme: weighted, gsea_metric: Signal2Noise, gsea_sort: real, gsea_order: descending, gsea_set_max: 500, gsea_set_min: 15, gsea_norm: meandiv, gsea_rnd_type: no_balance, gsea_make_sets: true, gsea_median: false, gsea_num: 100, gsea_plot_top_x: 20, gsea_save_rnd_lists: false, gsea_zip_report: false, gprofiler2_organism: null, gprofiler2_significant: true, gprofiler2_measure_underrepresentation: false, gprofiler2_correction_method: gSCS, gprofiler2_sources: null, gprofiler2_evcodes: false, gprofiler2_max_qval: 0.05, gprofiler2_token: null, gprofiler2_background_file: auto, gprofiler2_background_column: null, gprofiler2_domain_scope: annotated, gprofiler2_min_diff: 1, gprofiler2_palette_name: Blues, decoupler_network: null, decoupler_min_n: 5, decoupler_methods: ulm, grea_set_min: 15, grea_set_max: 500, grea_permutation: 100, shinyngs_build_app: true, skip_reports: false, shinyngs_deploy_to_shinyapps_io: false, shinyngs_shinyapps_account: null, shinyngs_shinyapps_app_name: null, logo_file: /home/laurens/.nextflow/assets/.repos/nf-core/differentialabundance/clones/30ed7741fc392127156c2fb10cfa3d69d216b54b/docs/images/nf-core-differentialabundance_logo_light.png, css_file: /home/laurens/.nextflow/assets/.repos/nf-core/differentialabundance/clones/30ed7741fc392127156c2fb10cfa3d69d216b54b/assets/nf-core_style.css, citations_file: /home/laurens/.nextflow/assets/.repos/nf-core/differentialabundance/clones/30ed7741fc392127156c2fb10cfa3d69d216b54b/CITATIONS.md, report_file: /home/laurens/.nextflow/assets/.repos/nf-core/differentialabundance/clones/30ed7741fc392127156c2fb10cfa3d69d216b54b/assets/differentialabundance_report.qmd, report_title: null, report_author: null, report_contributors: null, report_description: null, disable_report_modules: null, genome: null, igenomes_base: 's3://ngi-igenomes/igenomes/', igenomes_ignore: false, publish_dir_mode: copy, email: null, email_on_fail: null, plaintext_email: false, monochrome_logs: false, version: false, pipelines_testdata_base_path: 'https://raw.githubusercontent.com/nf-core/test-datasets/', config_profile_name: null, config_profile_description: null, custom_config_version: master, custom_config_base: 'https://raw.githubusercontent.com/nf-core/configs/master', config_profile_contact: null, config_profile_url: null, validate_params: true, differential_fc_column: log2FoldChange, differential_pval_column: pvalue, differential_qval_column: padj, differential_foldchanges_logged: true}, paramset_name: rnaseq}, plots/exploratory/rnaseq/Condition/png/pca2d.png]
    - [exploratory, {id: Condition, params: {contrasts: contrasts_paper.csv, gtf: reference/genes_GRCm38_igenomes.gtf, differential_max_pval: 0.05, differential_max_qval: 1.0, differential_min_fold_change: 1.41421, deseq2_shrink_lfc: false, seed: 42, exploratory_main_variable: Condition, input: samplesheet.csv, matrix: data/salmon.merged.gene_counts.tsv, feature_length_matrix: salmon.merged.gene_lengths.tsv, study_name: nac_all16, outdir: results/all16, study_type: rnaseq, study_abundance_type: counts, querygse: null, control_features: null, sizefactors_from_controls: false, round_digits: -1, paramsheet: null, observations_type: sample, observations_id_col: sample, observations_name_col: sample, features: null, features_type: gene, features_id_col: gene_id, features_name_col: gene_name, features_metadata_cols: 'gene_id,gene_name,gene_biotype', features_gtf_feature_type: transcript, features_gtf_table_first_field: gene_id, affy_cel_files_archive: null, affy_file_name_col: file, affy_background: true, affy_bgversion: 2, affy_destructive: false, affy_cdfname: null, affy_rm_mask: false, affy_rm_outliers: false, affy_rm_extra: false, affy_build_annotation: true, proteus_measurecol_prefix: LFQ intensity, proteus_norm_function: normalizeMedian, proteus_plotsd_method: violin, proteus_plotmv_loess: true, proteus_palette_name: Set1, filtering_min_samples: 1.0, filtering_min_abundance: 1, filtering_min_proportion: null, filtering_grouping_var: null, filtering_min_proportion_not_na: 0.5, filtering_min_samples_not_na: null, exploratory_clustering_method: ward.D2, exploratory_cor_method: spearman, exploratory_n_features: 500, exploratory_whisker_distance: 1.5, exploratory_mad_threshold: -5, exploratory_assay_names: 'raw,normalised,variance_stabilised', exploratory_final_assay: variance_stabilised, exploratory_log2_assays: 'raw,normalised', exploratory_palette_name: Set1, differential_method: deseq2, differential_file_suffix: .deseq2.results.tsv, differential_feature_id_column: gene_id, differential_palette_name: Set1, differential_subset_to_contrast_samples: false, deseq2_test: Wald, deseq2_fit_type: parametric, deseq2_sf_type: ratio, deseq2_min_replicates_for_replace: 7, deseq2_use_t: false, deseq2_lfc_threshold: 0, deseq2_alt_hypothesis: greaterAbs, deseq2_independent_filtering: true, deseq2_p_adjust_method: BH, deseq2_alpha: 0.1, deseq2_minmu: 0.5, deseq2_vs_method: vst, deseq2_vs_blind: true, deseq2_vst_nsub: 1000, limma_ndups: null, limma_spacing: null, limma_block: null, limma_correlation: null, limma_method: ls, limma_proportion: 0.01, limma_stdev_coef_lim: '0.1,4', limma_trend: false, limma_robust: false, limma_winsor_tail_p: '0.05,0.1', limma_adjust_method: BH, limma_p_value: 1.0, limma_lfc: 0, limma_confint: false, limma_use_voom: false, dream_adjust_method: BH, dream_p_value: 1, dream_lfc: 0, dream_confint: false, dream_proportion: 0.01, dream_stdev_coef_lim: '0.1,4', dream_trend: false, dream_robust: false, dream_winsor_tail_p: '0.05,0.1', dream_ddf: adaptive, dream_reml: false, dream_apply_voom: false, propd_alpha: null, propd_moderated: true, propd_fdr: 0.05, propd_permutation: 0, propd_number_of_cutoffs: 100, propd_save_pairwise: false, propd_save_pairwise_full: false, propd_save_adjacency: false, propd_save_rdata: false, functional_method: none, gene_sets_files: null, gsea_nperm: 1000, gsea_permute: phenotype, gsea_scoring_scheme: weighted, gsea_metric: Signal2Noise, gsea_sort: real, gsea_order: descending, gsea_set_max: 500, gsea_set_min: 15, gsea_norm: meandiv, gsea_rnd_type: no_balance, gsea_make_sets: true, gsea_median: false, gsea_num: 100, gsea_plot_top_x: 20, gsea_save_rnd_lists: false, gsea_zip_report: false, gprofiler2_organism: null, gprofiler2_significant: true, gprofiler2_measure_underrepresentation: false, gprofiler2_correction_method: gSCS, gprofiler2_sources: null, gprofiler2_evcodes: false, gprofiler2_max_qval: 0.05, gprofiler2_token: null, gprofiler2_background_file: auto, gprofiler2_background_column: null, gprofiler2_domain_scope: annotated, gprofiler2_min_diff: 1, gprofiler2_palette_name: Blues, decoupler_network: null, decoupler_min_n: 5, decoupler_methods: ulm, grea_set_min: 15, grea_set_max: 500, grea_permutation: 100, shinyngs_build_app: true, skip_reports: false, shinyngs_deploy_to_shinyapps_io: false, shinyngs_shinyapps_account: null, shinyngs_shinyapps_app_name: null, logo_file: /home/laurens/.nextflow/assets/.repos/nf-core/differentialabundance/clones/30ed7741fc392127156c2fb10cfa3d69d216b54b/docs/images/nf-core-differentialabundance_logo_light.png, css_file: /home/laurens/.nextflow/assets/.repos/nf-core/differentialabundance/clones/30ed7741fc392127156c2fb10cfa3d69d216b54b/assets/nf-core_style.css, citations_file: /home/laurens/.nextflow/assets/.repos/nf-core/differentialabundance/clones/30ed7741fc392127156c2fb10cfa3d69d216b54b/CITATIONS.md, report_file: /home/laurens/.nextflow/assets/.repos/nf-core/differentialabundance/clones/30ed7741fc392127156c2fb10cfa3d69d216b54b/assets/differentialabundance_report.qmd, report_title: null, report_author: null, report_contributors: null, report_description: null, disable_report_modules: null, genome: null, igenomes_base: 's3://ngi-igenomes/igenomes/', igenomes_ignore: false, publish_dir_mode: copy, email: null, email_on_fail: null, plaintext_email: false, monochrome_logs: false, version: false, pipelines_testdata_base_path: 'https://raw.githubusercontent.com/nf-core/test-datasets/', config_profile_name: null, config_profile_description: null, custom_config_version: master, custom_config_base: 'https://raw.githubusercontent.com/nf-core/configs/master', config_profile_contact: null, config_profile_url: null, validate_params: true, differential_fc_column: log2FoldChange, differential_pval_column: pvalue, differential_qval_column: padj, differential_foldchanges_logged: true}, paramset_name: rnaseq}, plots/exploratory/rnaseq/Condition/png/pca3d.png]
    - [exploratory, {id: Condition, params: {contrasts: contrasts_paper.csv, gtf: reference/genes_GRCm38_igenomes.gtf, differential_max_pval: 0.05, differential_max_qval: 1.0, differential_min_fold_change: 1.41421, deseq2_shrink_lfc: false, seed: 42, exploratory_main_variable: Condition, input: samplesheet.csv, matrix: data/salmon.merged.gene_counts.tsv, feature_length_matrix: salmon.merged.gene_lengths.tsv, study_name: nac_all16, outdir: results/all16, study_type: rnaseq, study_abundance_type: counts, querygse: null, control_features: null, sizefactors_from_controls: false, round_digits: -1, paramsheet: null, observations_type: sample, observations_id_col: sample, observations_name_col: sample, features: null, features_type: gene, features_id_col: gene_id, features_name_col: gene_name, features_metadata_cols: 'gene_id,gene_name,gene_biotype', features_gtf_feature_type: transcript, features_gtf_table_first_field: gene_id, affy_cel_files_archive: null, affy_file_name_col: file, affy_background: true, affy_bgversion: 2, affy_destructive: false, affy_cdfname: null, affy_rm_mask: false, affy_rm_outliers: false, affy_rm_extra: false, affy_build_annotation: true, proteus_measurecol_prefix: LFQ intensity, proteus_norm_function: normalizeMedian, proteus_plotsd_method: violin, proteus_plotmv_loess: true, proteus_palette_name: Set1, filtering_min_samples: 1.0, filtering_min_abundance: 1, filtering_min_proportion: null, filtering_grouping_var: null, filtering_min_proportion_not_na: 0.5, filtering_min_samples_not_na: null, exploratory_clustering_method: ward.D2, exploratory_cor_method: spearman, exploratory_n_features: 500, exploratory_whisker_distance: 1.5, exploratory_mad_threshold: -5, exploratory_assay_names: 'raw,normalised,variance_stabilised', exploratory_final_assay: variance_stabilised, exploratory_log2_assays: 'raw,normalised', exploratory_palette_name: Set1, differential_method: deseq2, differential_file_suffix: .deseq2.results.tsv, differential_feature_id_column: gene_id, differential_palette_name: Set1, differential_subset_to_contrast_samples: false, deseq2_test: Wald, deseq2_fit_type: parametric, deseq2_sf_type: ratio, deseq2_min_replicates_for_replace: 7, deseq2_use_t: false, deseq2_lfc_threshold: 0, deseq2_alt_hypothesis: greaterAbs, deseq2_independent_filtering: true, deseq2_p_adjust_method: BH, deseq2_alpha: 0.1, deseq2_minmu: 0.5, deseq2_vs_method: vst, deseq2_vs_blind: true, deseq2_vst_nsub: 1000, limma_ndups: null, limma_spacing: null, limma_block: null, limma_correlation: null, limma_method: ls, limma_proportion: 0.01, limma_stdev_coef_lim: '0.1,4', limma_trend: false, limma_robust: false, limma_winsor_tail_p: '0.05,0.1', limma_adjust_method: BH, limma_p_value: 1.0, limma_lfc: 0, limma_confint: false, limma_use_voom: false, dream_adjust_method: BH, dream_p_value: 1, dream_lfc: 0, dream_confint: false, dream_proportion: 0.01, dream_stdev_coef_lim: '0.1,4', dream_trend: false, dream_robust: false, dream_winsor_tail_p: '0.05,0.1', dream_ddf: adaptive, dream_reml: false, dream_apply_voom: false, propd_alpha: null, propd_moderated: true, propd_fdr: 0.05, propd_permutation: 0, propd_number_of_cutoffs: 100, propd_save_pairwise: false, propd_save_pairwise_full: false, propd_save_adjacency: false, propd_save_rdata: false, functional_method: none, gene_sets_files: null, gsea_nperm: 1000, gsea_permute: phenotype, gsea_scoring_scheme: weighted, gsea_metric: Signal2Noise, gsea_sort: real, gsea_order: descending, gsea_set_max: 500, gsea_set_min: 15, gsea_norm: meandiv, gsea_rnd_type: no_balance, gsea_make_sets: true, gsea_median: false, gsea_num: 100, gsea_plot_top_x: 20, gsea_save_rnd_lists: false, gsea_zip_report: false, gprofiler2_organism: null, gprofiler2_significant: true, gprofiler2_measure_underrepresentation: false, gprofiler2_correction_method: gSCS, gprofiler2_sources: null, gprofiler2_evcodes: false, gprofiler2_max_qval: 0.05, gprofiler2_token: null, gprofiler2_background_file: auto, gprofiler2_background_column: null, gprofiler2_domain_scope: annotated, gprofiler2_min_diff: 1, gprofiler2_palette_name: Blues, decoupler_network: null, decoupler_min_n: 5, decoupler_methods: ulm, grea_set_min: 15, grea_set_max: 500, grea_permutation: 100, shinyngs_build_app: true, skip_reports: false, shinyngs_deploy_to_shinyapps_io: false, shinyngs_shinyapps_account: null, shinyngs_shinyapps_app_name: null, logo_file: /home/laurens/.nextflow/assets/.repos/nf-core/differentialabundance/clones/30ed7741fc392127156c2fb10cfa3d69d216b54b/docs/images/nf-core-differentialabundance_logo_light.png, css_file: /home/laurens/.nextflow/assets/.repos/nf-core/differentialabundance/clones/30ed7741fc392127156c2fb10cfa3d69d216b54b/assets/nf-core_style.css, citations_file: /home/laurens/.nextflow/assets/.repos/nf-core/differentialabundance/clones/30ed7741fc392127156c2fb10cfa3d69d216b54b/CITATIONS.md, report_file: /home/laurens/.nextflow/assets/.repos/nf-core/differentialabundance/clones/30ed7741fc392127156c2fb10cfa3d69d216b54b/assets/differentialabundance_report.qmd, report_title: null, report_author: null, report_contributors: null, report_description: null, disable_report_modules: null, genome: null, igenomes_base: 's3://ngi-igenomes/igenomes/', igenomes_ignore: false, publish_dir_mode: copy, email: null, email_on_fail: null, plaintext_email: false, monochrome_logs: false, version: false, pipelines_testdata_base_path: 'https://raw.githubusercontent.com/nf-core/test-datasets/', config_profile_name: null, config_profile_description: null, custom_config_version: master, custom_config_base: 'https://raw.githubusercontent.com/nf-core/configs/master', config_profile_contact: null, config_profile_url: null, validate_params: true, differential_fc_column: log2FoldChange, differential_pval_column: pvalue, differential_qval_column: padj, differential_foldchanges_logged: true}, paramset_name: rnaseq}, plots/exploratory/rnaseq/Condition/png/density.png]
    - [exploratory, {id: Condition, params: {contrasts: contrasts_paper.csv, gtf: reference/genes_GRCm38_igenomes.gtf, differential_max_pval: 0.05, differential_max_qval: 1.0, differential_min_fold_change: 1.41421, deseq2_shrink_lfc: false, seed: 42, exploratory_main_variable: Condition, input: samplesheet.csv, matrix: data/salmon.merged.gene_counts.tsv, feature_length_matrix: salmon.merged.gene_lengths.tsv, study_name: nac_all16, outdir: results/all16, study_type: rnaseq, study_abundance_type: counts, querygse: null, control_features: null, sizefactors_from_controls: false, round_digits: -1, paramsheet: null, observations_type: sample, observations_id_col: sample, observations_name_col: sample, features: null, features_type: gene, features_id_col: gene_id, features_name_col: gene_name, features_metadata_cols: 'gene_id,gene_name,gene_biotype', features_gtf_feature_type: transcript, features_gtf_table_first_field: gene_id, affy_cel_files_archive: null, affy_file_name_col: file, affy_background: true, affy_bgversion: 2, affy_destructive: false, affy_cdfname: null, affy_rm_mask: false, affy_rm_outliers: false, affy_rm_extra: false, affy_build_annotation: true, proteus_measurecol_prefix: LFQ intensity, proteus_norm_function: normalizeMedian, proteus_plotsd_method: violin, proteus_plotmv_loess: true, proteus_palette_name: Set1, filtering_min_samples: 1.0, filtering_min_abundance: 1, filtering_min_proportion: null, filtering_grouping_var: null, filtering_min_proportion_not_na: 0.5, filtering_min_samples_not_na: null, exploratory_clustering_method: ward.D2, exploratory_cor_method: spearman, exploratory_n_features: 500, exploratory_whisker_distance: 1.5, exploratory_mad_threshold: -5, exploratory_assay_names: 'raw,normalised,variance_stabilised', exploratory_final_assay: variance_stabilised, exploratory_log2_assays: 'raw,normalised', exploratory_palette_name: Set1, differential_method: deseq2, differential_file_suffix: .deseq2.results.tsv, differential_feature_id_column: gene_id, differential_palette_name: Set1, differential_subset_to_contrast_samples: false, deseq2_test: Wald, deseq2_fit_type: parametric, deseq2_sf_type: ratio, deseq2_min_replicates_for_replace: 7, deseq2_use_t: false, deseq2_lfc_threshold: 0, deseq2_alt_hypothesis: greaterAbs, deseq2_independent_filtering: true, deseq2_p_adjust_method: BH, deseq2_alpha: 0.1, deseq2_minmu: 0.5, deseq2_vs_method: vst, deseq2_vs_blind: true, deseq2_vst_nsub: 1000, limma_ndups: null, limma_spacing: null, limma_block: null, limma_correlation: null, limma_method: ls, limma_proportion: 0.01, limma_stdev_coef_lim: '0.1,4', limma_trend: false, limma_robust: false, limma_winsor_tail_p: '0.05,0.1', limma_adjust_method: BH, limma_p_value: 1.0, limma_lfc: 0, limma_confint: false, limma_use_voom: false, dream_adjust_method: BH, dream_p_value: 1, dream_lfc: 0, dream_confint: false, dream_proportion: 0.01, dream_stdev_coef_lim: '0.1,4', dream_trend: false, dream_robust: false, dream_winsor_tail_p: '0.05,0.1', dream_ddf: adaptive, dream_reml: false, dream_apply_voom: false, propd_alpha: null, propd_moderated: true, propd_fdr: 0.05, propd_permutation: 0, propd_number_of_cutoffs: 100, propd_save_pairwise: false, propd_save_pairwise_full: false, propd_save_adjacency: false, propd_save_rdata: false, functional_method: none, gene_sets_files: null, gsea_nperm: 1000, gsea_permute: phenotype, gsea_scoring_scheme: weighted, gsea_metric: Signal2Noise, gsea_sort: real, gsea_order: descending, gsea_set_max: 500, gsea_set_min: 15, gsea_norm: meandiv, gsea_rnd_type: no_balance, gsea_make_sets: true, gsea_median: false, gsea_num: 100, gsea_plot_top_x: 20, gsea_save_rnd_lists: false, gsea_zip_report: false, gprofiler2_organism: null, gprofiler2_significant: true, gprofiler2_measure_underrepresentation: false, gprofiler2_correction_method: gSCS, gprofiler2_sources: null, gprofiler2_evcodes: false, gprofiler2_max_qval: 0.05, gprofiler2_token: null, gprofiler2_background_file: auto, gprofiler2_background_column: null, gprofiler2_domain_scope: annotated, gprofiler2_min_diff: 1, gprofiler2_palette_name: Blues, decoupler_network: null, decoupler_min_n: 5, decoupler_methods: ulm, grea_set_min: 15, grea_set_max: 500, grea_permutation: 100, shinyngs_build_app: true, skip_reports: false, shinyngs_deploy_to_shinyapps_io: false, shinyngs_shinyapps_account: null, shinyngs_shinyapps_app_name: null, logo_file: /home/laurens/.nextflow/assets/.repos/nf-core/differentialabundance/clones/30ed7741fc392127156c2fb10cfa3d69d216b54b/docs/images/nf-core-differentialabundance_logo_light.png, css_file: /home/laurens/.nextflow/assets/.repos/nf-core/differentialabundance/clones/30ed7741fc392127156c2fb10cfa3d69d216b54b/assets/nf-core_style.css, citations_file: /home/laurens/.nextflow/assets/.repos/nf-core/differentialabundance/clones/30ed7741fc392127156c2fb10cfa3d69d216b54b/CITATIONS.md, report_file: /home/laurens/.nextflow/assets/.repos/nf-core/differentialabundance/clones/30ed7741fc392127156c2fb10cfa3d69d216b54b/assets/differentialabundance_report.qmd, report_title: null, report_author: null, report_contributors: null, report_description: null, disable_report_modules: null, genome: null, igenomes_base: 's3://ngi-igenomes/igenomes/', igenomes_ignore: false, publish_dir_mode: copy, email: null, email_on_fail: null, plaintext_email: false, monochrome_logs: false, version: false, pipelines_testdata_base_path: 'https://raw.githubusercontent.com/nf-core/test-datasets/', config_profile_name: null, config_profile_description: null, custom_config_version: master, custom_config_base: 'https://raw.githubusercontent.com/nf-core/configs/master', config_profile_contact: null, config_profile_url: null, validate_params: true, differential_fc_column: log2FoldChange, differential_pval_column: pvalue, differential_qval_column: padj, differential_foldchanges_logged: true}, paramset_name: rnaseq}, plots/exploratory/rnaseq/Condition/png/mad_correlation.png]
    - [exploratory, {id: Condition, params: {contrasts: contrasts_paper.csv, gtf: reference/genes_GRCm38_igenomes.gtf, differential_max_pval: 0.05, differential_max_qval: 1.0, differential_min_fold_change: 1.41421, deseq2_shrink_lfc: false, seed: 42, exploratory_main_variable: Condition, input: samplesheet.csv, matrix: data/salmon.merged.gene_counts.tsv, feature_length_matrix: salmon.merged.gene_lengths.tsv, study_name: nac_all16, outdir: results/all16, study_type: rnaseq, study_abundance_type: counts, querygse: null, control_features: null, sizefactors_from_controls: false, round_digits: -1, paramsheet: null, observations_type: sample, observations_id_col: sample, observations_name_col: sample, features: null, features_type: gene, features_id_col: gene_id, features_name_col: gene_name, features_metadata_cols: 'gene_id,gene_name,gene_biotype', features_gtf_feature_type: transcript, features_gtf_table_first_field: gene_id, affy_cel_files_archive: null, affy_file_name_col: file, affy_background: true, affy_bgversion: 2, affy_destructive: false, affy_cdfname: null, affy_rm_mask: false, affy_rm_outliers: false, affy_rm_extra: false, affy_build_annotation: true, proteus_measurecol_prefix: LFQ intensity, proteus_norm_function: normalizeMedian, proteus_plotsd_method: violin, proteus_plotmv_loess: true, proteus_palette_name: Set1, filtering_min_samples: 1.0, filtering_min_abundance: 1, filtering_min_proportion: null, filtering_grouping_var: null, filtering_min_proportion_not_na: 0.5, filtering_min_samples_not_na: null, exploratory_clustering_method: ward.D2, exploratory_cor_method: spearman, exploratory_n_features: 500, exploratory_whisker_distance: 1.5, exploratory_mad_threshold: -5, exploratory_assay_names: 'raw,normalised,variance_stabilised', exploratory_final_assay: variance_stabilised, exploratory_log2_assays: 'raw,normalised', exploratory_palette_name: Set1, differential_method: deseq2, differential_file_suffix: .deseq2.results.tsv, differential_feature_id_column: gene_id, differential_palette_name: Set1, differential_subset_to_contrast_samples: false, deseq2_test: Wald, deseq2_fit_type: parametric, deseq2_sf_type: ratio, deseq2_min_replicates_for_replace: 7, deseq2_use_t: false, deseq2_lfc_threshold: 0, deseq2_alt_hypothesis: greaterAbs, deseq2_independent_filtering: true, deseq2_p_adjust_method: BH, deseq2_alpha: 0.1, deseq2_minmu: 0.5, deseq2_vs_method: vst, deseq2_vs_blind: true, deseq2_vst_nsub: 1000, limma_ndups: null, limma_spacing: null, limma_block: null, limma_correlation: null, limma_method: ls, limma_proportion: 0.01, limma_stdev_coef_lim: '0.1,4', limma_trend: false, limma_robust: false, limma_winsor_tail_p: '0.05,0.1', limma_adjust_method: BH, limma_p_value: 1.0, limma_lfc: 0, limma_confint: false, limma_use_voom: false, dream_adjust_method: BH, dream_p_value: 1, dream_lfc: 0, dream_confint: false, dream_proportion: 0.01, dream_stdev_coef_lim: '0.1,4', dream_trend: false, dream_robust: false, dream_winsor_tail_p: '0.05,0.1', dream_ddf: adaptive, dream_reml: false, dream_apply_voom: false, propd_alpha: null, propd_moderated: true, propd_fdr: 0.05, propd_permutation: 0, propd_number_of_cutoffs: 100, propd_save_pairwise: false, propd_save_pairwise_full: false, propd_save_adjacency: false, propd_save_rdata: false, functional_method: none, gene_sets_files: null, gsea_nperm: 1000, gsea_permute: phenotype, gsea_scoring_scheme: weighted, gsea_metric: Signal2Noise, gsea_sort: real, gsea_order: descending, gsea_set_max: 500, gsea_set_min: 15, gsea_norm: meandiv, gsea_rnd_type: no_balance, gsea_make_sets: true, gsea_median: false, gsea_num: 100, gsea_plot_top_x: 20, gsea_save_rnd_lists: false, gsea_zip_report: false, gprofiler2_organism: null, gprofiler2_significant: true, gprofiler2_measure_underrepresentation: false, gprofiler2_correction_method: gSCS, gprofiler2_sources: null, gprofiler2_evcodes: false, gprofiler2_max_qval: 0.05, gprofiler2_token: null, gprofiler2_background_file: auto, gprofiler2_background_column: null, gprofiler2_domain_scope: annotated, gprofiler2_min_diff: 1, gprofiler2_palette_name: Blues, decoupler_network: null, decoupler_min_n: 5, decoupler_methods: ulm, grea_set_min: 15, grea_set_max: 500, grea_permutation: 100, shinyngs_build_app: true, skip_reports: false, shinyngs_deploy_to_shinyapps_io: false, shinyngs_shinyapps_account: null, shinyngs_shinyapps_app_name: null, logo_file: /home/laurens/.nextflow/assets/.repos/nf-core/differentialabundance/clones/30ed7741fc392127156c2fb10cfa3d69d216b54b/docs/images/nf-core-differentialabundance_logo_light.png, css_file: /home/laurens/.nextflow/assets/.repos/nf-core/differentialabundance/clones/30ed7741fc392127156c2fb10cfa3d69d216b54b/assets/nf-core_style.css, citations_file: /home/laurens/.nextflow/assets/.repos/nf-core/differentialabundance/clones/30ed7741fc392127156c2fb10cfa3d69d216b54b/CITATIONS.md, report_file: /home/laurens/.nextflow/assets/.repos/nf-core/differentialabundance/clones/30ed7741fc392127156c2fb10cfa3d69d216b54b/assets/differentialabundance_report.qmd, report_title: null, report_author: null, report_contributors: null, report_description: null, disable_report_modules: null, genome: null, igenomes_base: 's3://ngi-igenomes/igenomes/', igenomes_ignore: false, publish_dir_mode: copy, email: null, email_on_fail: null, plaintext_email: false, monochrome_logs: false, version: false, pipelines_testdata_base_path: 'https://raw.githubusercontent.com/nf-core/test-datasets/', config_profile_name: null, config_profile_description: null, custom_config_version: master, custom_config_base: 'https://raw.githubusercontent.com/nf-core/configs/master', config_profile_contact: null, config_profile_url: null, validate_params: true, differential_fc_column: log2FoldChange, differential_pval_column: pvalue, differential_qval_column: padj, differential_foldchanges_logged: true}, paramset_name: rnaseq}, plots/exploratory/rnaseq/Condition/png/sample_dendrogram.png]
    - [differential_volcanos, {id: Sham_oxy_vs_Sham_Sal_nac_all16, variable: Condition, reference: Sham_Sal, target: Sham_oxy, blocking: '', formula: null, make_contrasts_str: null, params: {contrasts: contrasts_paper.csv, gtf: reference/genes_GRCm38_igenomes.gtf, differential_max_pval: 0.05, differential_max_qval: 1.0, differential_min_fold_change: 1.41421, deseq2_shrink_lfc: false, seed: 42, exploratory_main_variable: Condition, input: samplesheet.csv, matrix: data/salmon.merged.gene_counts.tsv, feature_length_matrix: salmon.merged.gene_lengths.tsv, study_name: nac_all16, outdir: results/all16, study_type: rnaseq, study_abundance_type: counts, querygse: null, control_features: null, sizefactors_from_controls: false, round_digits: -1, paramsheet: null, observations_type: sample, observations_id_col: sample, observations_name_col: sample, features: null, features_type: gene, features_id_col: gene_id, features_name_col: gene_name, features_metadata_cols: 'gene_id,gene_name,gene_biotype', features_gtf_feature_type: transcript, features_gtf_table_first_field: gene_id, affy_cel_files_archive: null, affy_file_name_col: file, affy_background: true, affy_bgversion: 2, affy_destructive: false, affy_cdfname: null, affy_rm_mask: false, affy_rm_outliers: false, affy_rm_extra: false, affy_build_annotation: true, proteus_measurecol_prefix: LFQ intensity, proteus_norm_function: normalizeMedian, proteus_plotsd_method: violin, proteus_plotmv_loess: true, proteus_palette_name: Set1, filtering_min_samples: 1.0, filtering_min_abundance: 1, filtering_min_proportion: null, filtering_grouping_var: null, filtering_min_proportion_not_na: 0.5, filtering_min_samples_not_na: null, exploratory_clustering_method: ward.D2, exploratory_cor_method: spearman, exploratory_n_features: 500, exploratory_whisker_distance: 1.5, exploratory_mad_threshold: -5, exploratory_assay_names: 'raw,normalised,variance_stabilised', exploratory_final_assay: variance_stabilised, exploratory_log2_assays: 'raw,normalised', exploratory_palette_name: Set1, differential_method: deseq2, differential_file_suffix: .deseq2.results.tsv, differential_feature_id_column: gene_id, differential_palette_name: Set1, differential_subset_to_contrast_samples: false, deseq2_test: Wald, deseq2_fit_type: parametric, deseq2_sf_type: ratio, deseq2_min_replicates_for_replace: 7, deseq2_use_t: false, deseq2_lfc_threshold: 0, deseq2_alt_hypothesis: greaterAbs, deseq2_independent_filtering: true, deseq2_p_adjust_method: BH, deseq2_alpha: 0.1, deseq2_minmu: 0.5, deseq2_vs_method: vst, deseq2_vs_blind: true, deseq2_vst_nsub: 1000, limma_ndups: null, limma_spacing: null, limma_block: null, limma_correlation: null, limma_method: ls, limma_proportion: 0.01, limma_stdev_coef_lim: '0.1,4', limma_trend: false, limma_robust: false, limma_winsor_tail_p: '0.05,0.1', limma_adjust_method: BH, limma_p_value: 1.0, limma_lfc: 0, limma_confint: false, limma_use_voom: false, dream_adjust_method: BH, dream_p_value: 1, dream_lfc: 0, dream_confint: false, dream_proportion: 0.01, dream_stdev_coef_lim: '0.1,4', dream_trend: false, dream_robust: false, dream_winsor_tail_p: '0.05,0.1', dream_ddf: adaptive, dream_reml: false, dream_apply_voom: false, propd_alpha: null, propd_moderated: true, propd_fdr: 0.05, propd_permutation: 0, propd_number_of_cutoffs: 100, propd_save_pairwise: false, propd_save_pairwise_full: false, propd_save_adjacency: false, propd_save_rdata: false, functional_method: none, gene_sets_files: null, gsea_nperm: 1000, gsea_permute: phenotype, gsea_scoring_scheme: weighted, gsea_metric: Signal2Noise, gsea_sort: real, gsea_order: descending, gsea_set_max: 500, gsea_set_min: 15, gsea_norm: meandiv, gsea_rnd_type: no_balance, gsea_make_sets: true, gsea_median: false, gsea_num: 100, gsea_plot_top_x: 20, gsea_save_rnd_lists: false, gsea_zip_report: false, gprofiler2_organism: null, gprofiler2_significant: true, gprofiler2_measure_underrepresentation: false, gprofiler2_correction_method: gSCS, gprofiler2_sources: null, gprofiler2_evcodes: false, gprofiler2_max_qval: 0.05, gprofiler2_token: null, gprofiler2_background_file: auto, gprofiler2_background_column: null, gprofiler2_domain_scope: annotated, gprofiler2_min_diff: 1, gprofiler2_palette_name: Blues, decoupler_network: null, decoupler_min_n: 5, decoupler_methods: ulm, grea_set_min: 15, grea_set_max: 500, grea_permutation: 100, shinyngs_build_app: true, skip_reports: false, shinyngs_deploy_to_shinyapps_io: false, shinyngs_shinyapps_account: null, shinyngs_shinyapps_app_name: null, logo_file: /home/laurens/.nextflow/assets/.repos/nf-core/differentialabundance/clones/30ed7741fc392127156c2fb10cfa3d69d216b54b/docs/images/nf-core-differentialabundance_logo_light.png, css_file: /home/laurens/.nextflow/assets/.repos/nf-core/differentialabundance/clones/30ed7741fc392127156c2fb10cfa3d69d216b54b/assets/nf-core_style.css, citations_file: /home/laurens/.nextflow/assets/.repos/nf-core/differentialabundance/clones/30ed7741fc392127156c2fb10cfa3d69d216b54b/CITATIONS.md, report_file: /home/laurens/.nextflow/assets/.repos/nf-core/differentialabundance/clones/30ed7741fc392127156c2fb10cfa3d69d216b54b/assets/differentialabundance_report.qmd, report_title: null, report_author: null, report_contributors: null, report_description: null, disable_report_modules: null, genome: null, igenomes_base: 's3://ngi-igenomes/igenomes/', igenomes_ignore: false, publish_dir_mode: copy, email: null, email_on_fail: null, plaintext_email: false, monochrome_logs: false, version: false, pipelines_testdata_base_path: 'https://raw.githubusercontent.com/nf-core/test-datasets/', config_profile_name: null, config_profile_description: null, custom_config_version: master, custom_config_base: 'https://raw.githubusercontent.com/nf-core/configs/master', config_profile_contact: null, config_profile_url: null, validate_params: true, differential_fc_column: log2FoldChange, differential_pval_column: pvalue, differential_qval_column: padj, differential_foldchanges_logged: true}, paramset_name: rnaseq}, plots/differential/rnaseq/Sham_oxy_vs_Sham_Sal_nac_all16/png/volcano.png]
    - [differential_volcanos, {id: SNI_oxy_vs_Sham_Sal_nac_all16, variable: Condition, reference: Sham_Sal, target: SNI_oxy, blocking: '', formula: null, make_contrasts_str: null, params: {contrasts: contrasts_paper.csv, gtf: reference/genes_GRCm38_igenomes.gtf, differential_max_pval: 0.05, differential_max_qval: 1.0, differential_min_fold_change: 1.41421, deseq2_shrink_lfc: false, seed: 42, exploratory_main_variable: Condition, input: samplesheet.csv, matrix: data/salmon.merged.gene_counts.tsv, feature_length_matrix: salmon.merged.gene_lengths.tsv, study_name: nac_all16, outdir: results/all16, study_type: rnaseq, study_abundance_type: counts, querygse: null, control_features: null, sizefactors_from_controls: false, round_digits: -1, paramsheet: null, observations_type: sample, observations_id_col: sample, observations_name_col: sample, features: null, features_type: gene, features_id_col: gene_id, features_name_col: gene_name, features_metadata_cols: 'gene_id,gene_name,gene_biotype', features_gtf_feature_type: transcript, features_gtf_table_first_field: gene_id, affy_cel_files_archive: null, affy_file_name_col: file, affy_background: true, affy_bgversion: 2, affy_destructive: false, affy_cdfname: null, affy_rm_mask: false, affy_rm_outliers: false, affy_rm_extra: false, affy_build_annotation: true, proteus_measurecol_prefix: LFQ intensity, proteus_norm_function: normalizeMedian, proteus_plotsd_method: violin, proteus_plotmv_loess: true, proteus_palette_name: Set1, filtering_min_samples: 1.0, filtering_min_abundance: 1, filtering_min_proportion: null, filtering_grouping_var: null, filtering_min_proportion_not_na: 0.5, filtering_min_samples_not_na: null, exploratory_clustering_method: ward.D2, exploratory_cor_method: spearman, exploratory_n_features: 500, exploratory_whisker_distance: 1.5, exploratory_mad_threshold: -5, exploratory_assay_names: 'raw,normalised,variance_stabilised', exploratory_final_assay: variance_stabilised, exploratory_log2_assays: 'raw,normalised', exploratory_palette_name: Set1, differential_method: deseq2, differential_file_suffix: .deseq2.results.tsv, differential_feature_id_column: gene_id, differential_palette_name: Set1, differential_subset_to_contrast_samples: false, deseq2_test: Wald, deseq2_fit_type: parametric, deseq2_sf_type: ratio, deseq2_min_replicates_for_replace: 7, deseq2_use_t: false, deseq2_lfc_threshold: 0, deseq2_alt_hypothesis: greaterAbs, deseq2_independent_filtering: true, deseq2_p_adjust_method: BH, deseq2_alpha: 0.1, deseq2_minmu: 0.5, deseq2_vs_method: vst, deseq2_vs_blind: true, deseq2_vst_nsub: 1000, limma_ndups: null, limma_spacing: null, limma_block: null, limma_correlation: null, limma_method: ls, limma_proportion: 0.01, limma_stdev_coef_lim: '0.1,4', limma_trend: false, limma_robust: false, limma_winsor_tail_p: '0.05,0.1', limma_adjust_method: BH, limma_p_value: 1.0, limma_lfc: 0, limma_confint: false, limma_use_voom: false, dream_adjust_method: BH, dream_p_value: 1, dream_lfc: 0, dream_confint: false, dream_proportion: 0.01, dream_stdev_coef_lim: '0.1,4', dream_trend: false, dream_robust: false, dream_winsor_tail_p: '0.05,0.1', dream_ddf: adaptive, dream_reml: false, dream_apply_voom: false, propd_alpha: null, propd_moderated: true, propd_fdr: 0.05, propd_permutation: 0, propd_number_of_cutoffs: 100, propd_save_pairwise: false, propd_save_pairwise_full: false, propd_save_adjacency: false, propd_save_rdata: false, functional_method: none, gene_sets_files: null, gsea_nperm: 1000, gsea_permute: phenotype, gsea_scoring_scheme: weighted, gsea_metric: Signal2Noise, gsea_sort: real, gsea_order: descending, gsea_set_max: 500, gsea_set_min: 15, gsea_norm: meandiv, gsea_rnd_type: no_balance, gsea_make_sets: true, gsea_median: false, gsea_num: 100, gsea_plot_top_x: 20, gsea_save_rnd_lists: false, gsea_zip_report: false, gprofiler2_organism: null, gprofiler2_significant: true, gprofiler2_measure_underrepresentation: false, gprofiler2_correction_method: gSCS, gprofiler2_sources: null, gprofiler2_evcodes: false, gprofiler2_max_qval: 0.05, gprofiler2_token: null, gprofiler2_background_file: auto, gprofiler2_background_column: null, gprofiler2_domain_scope: annotated, gprofiler2_min_diff: 1, gprofiler2_palette_name: Blues, decoupler_network: null, decoupler_min_n: 5, decoupler_methods: ulm, grea_set_min: 15, grea_set_max: 500, grea_permutation: 100, shinyngs_build_app: true, skip_reports: false, shinyngs_deploy_to_shinyapps_io: false, shinyngs_shinyapps_account: null, shinyngs_shinyapps_app_name: null, logo_file: /home/laurens/.nextflow/assets/.repos/nf-core/differentialabundance/clones/30ed7741fc392127156c2fb10cfa3d69d216b54b/docs/images/nf-core-differentialabundance_logo_light.png, css_file: /home/laurens/.nextflow/assets/.repos/nf-core/differentialabundance/clones/30ed7741fc392127156c2fb10cfa3d69d216b54b/assets/nf-core_style.css, citations_file: /home/laurens/.nextflow/assets/.repos/nf-core/differentialabundance/clones/30ed7741fc392127156c2fb10cfa3d69d216b54b/CITATIONS.md, report_file: /home/laurens/.nextflow/assets/.repos/nf-core/differentialabundance/clones/30ed7741fc392127156c2fb10cfa3d69d216b54b/assets/differentialabundance_report.qmd, report_title: null, report_author: null, report_contributors: null, report_description: null, disable_report_modules: null, genome: null, igenomes_base: 's3://ngi-igenomes/igenomes/', igenomes_ignore: false, publish_dir_mode: copy, email: null, email_on_fail: null, plaintext_email: false, monochrome_logs: false, version: false, pipelines_testdata_base_path: 'https://raw.githubusercontent.com/nf-core/test-datasets/', config_profile_name: null, config_profile_description: null, custom_config_version: master, custom_config_base: 'https://raw.githubusercontent.com/nf-core/configs/master', config_profile_contact: null, config_profile_url: null, validate_params: true, differential_fc_column: log2FoldChange, differential_pval_column: pvalue, differential_qval_column: padj, differential_foldchanges_logged: true}, paramset_name: rnaseq}, plots/differential/rnaseq/SNI_oxy_vs_Sham_Sal_nac_all16/png/volcano.png]
    - [differential_volcanos, {id: oxy_vs_sal_in_SNI_nac_all16, variable: Condition, reference: SNI_Sal, target: SNI_oxy, blocking: '', formula: null, make_contrasts_str: null, params: {contrasts: contrasts_paper.csv, gtf: reference/genes_GRCm38_igenomes.gtf, differential_max_pval: 0.05, differential_max_qval: 1.0, differential_min_fold_change: 1.41421, deseq2_shrink_lfc: false, seed: 42, exploratory_main_variable: Condition, input: samplesheet.csv, matrix: data/salmon.merged.gene_counts.tsv, feature_length_matrix: salmon.merged.gene_lengths.tsv, study_name: nac_all16, outdir: results/all16, study_type: rnaseq, study_abundance_type: counts, querygse: null, control_features: null, sizefactors_from_controls: false, round_digits: -1, paramsheet: null, observations_type: sample, observations_id_col: sample, observations_name_col: sample, features: null, features_type: gene, features_id_col: gene_id, features_name_col: gene_name, features_metadata_cols: 'gene_id,gene_name,gene_biotype', features_gtf_feature_type: transcript, features_gtf_table_first_field: gene_id, affy_cel_files_archive: null, affy_file_name_col: file, affy_background: true, affy_bgversion: 2, affy_destructive: false, affy_cdfname: null, affy_rm_mask: false, affy_rm_outliers: false, affy_rm_extra: false, affy_build_annotation: true, proteus_measurecol_prefix: LFQ intensity, proteus_norm_function: normalizeMedian, proteus_plotsd_method: violin, proteus_plotmv_loess: true, proteus_palette_name: Set1, filtering_min_samples: 1.0, filtering_min_abundance: 1, filtering_min_proportion: null, filtering_grouping_var: null, filtering_min_proportion_not_na: 0.5, filtering_min_samples_not_na: null, exploratory_clustering_method: ward.D2, exploratory_cor_method: spearman, exploratory_n_features: 500, exploratory_whisker_distance: 1.5, exploratory_mad_threshold: -5, exploratory_assay_names: 'raw,normalised,variance_stabilised', exploratory_final_assay: variance_stabilised, exploratory_log2_assays: 'raw,normalised', exploratory_palette_name: Set1, differential_method: deseq2, differential_file_suffix: .deseq2.results.tsv, differential_feature_id_column: gene_id, differential_palette_name: Set1, differential_subset_to_contrast_samples: false, deseq2_test: Wald, deseq2_fit_type: parametric, deseq2_sf_type: ratio, deseq2_min_replicates_for_replace: 7, deseq2_use_t: false, deseq2_lfc_threshold: 0, deseq2_alt_hypothesis: greaterAbs, deseq2_independent_filtering: true, deseq2_p_adjust_method: BH, deseq2_alpha: 0.1, deseq2_minmu: 0.5, deseq2_vs_method: vst, deseq2_vs_blind: true, deseq2_vst_nsub: 1000, limma_ndups: null, limma_spacing: null, limma_block: null, limma_correlation: null, limma_method: ls, limma_proportion: 0.01, limma_stdev_coef_lim: '0.1,4', limma_trend: false, limma_robust: false, limma_winsor_tail_p: '0.05,0.1', limma_adjust_method: BH, limma_p_value: 1.0, limma_lfc: 0, limma_confint: false, limma_use_voom: false, dream_adjust_method: BH, dream_p_value: 1, dream_lfc: 0, dream_confint: false, dream_proportion: 0.01, dream_stdev_coef_lim: '0.1,4', dream_trend: false, dream_robust: false, dream_winsor_tail_p: '0.05,0.1', dream_ddf: adaptive, dream_reml: false, dream_apply_voom: false, propd_alpha: null, propd_moderated: true, propd_fdr: 0.05, propd_permutation: 0, propd_number_of_cutoffs: 100, propd_save_pairwise: false, propd_save_pairwise_full: false, propd_save_adjacency: false, propd_save_rdata: false, functional_method: none, gene_sets_files: null, gsea_nperm: 1000, gsea_permute: phenotype, gsea_scoring_scheme: weighted, gsea_metric: Signal2Noise, gsea_sort: real, gsea_order: descending, gsea_set_max: 500, gsea_set_min: 15, gsea_norm: meandiv, gsea_rnd_type: no_balance, gsea_make_sets: true, gsea_median: false, gsea_num: 100, gsea_plot_top_x: 20, gsea_save_rnd_lists: false, gsea_zip_report: false, gprofiler2_organism: null, gprofiler2_significant: true, gprofiler2_measure_underrepresentation: false, gprofiler2_correction_method: gSCS, gprofiler2_sources: null, gprofiler2_evcodes: false, gprofiler2_max_qval: 0.05, gprofiler2_token: null, gprofiler2_background_file: auto, gprofiler2_background_column: null, gprofiler2_domain_scope: annotated, gprofiler2_min_diff: 1, gprofiler2_palette_name: Blues, decoupler_network: null, decoupler_min_n: 5, decoupler_methods: ulm, grea_set_min: 15, grea_set_max: 500, grea_permutation: 100, shinyngs_build_app: true, skip_reports: false, shinyngs_deploy_to_shinyapps_io: false, shinyngs_shinyapps_account: null, shinyngs_shinyapps_app_name: null, logo_file: /home/laurens/.nextflow/assets/.repos/nf-core/differentialabundance/clones/30ed7741fc392127156c2fb10cfa3d69d216b54b/docs/images/nf-core-differentialabundance_logo_light.png, css_file: /home/laurens/.nextflow/assets/.repos/nf-core/differentialabundance/clones/30ed7741fc392127156c2fb10cfa3d69d216b54b/assets/nf-core_style.css, citations_file: /home/laurens/.nextflow/assets/.repos/nf-core/differentialabundance/clones/30ed7741fc392127156c2fb10cfa3d69d216b54b/CITATIONS.md, report_file: /home/laurens/.nextflow/assets/.repos/nf-core/differentialabundance/clones/30ed7741fc392127156c2fb10cfa3d69d216b54b/assets/differentialabundance_report.qmd, report_title: null, report_author: null, report_contributors: null, report_description: null, disable_report_modules: null, genome: null, igenomes_base: 's3://ngi-igenomes/igenomes/', igenomes_ignore: false, publish_dir_mode: copy, email: null, email_on_fail: null, plaintext_email: false, monochrome_logs: false, version: false, pipelines_testdata_base_path: 'https://raw.githubusercontent.com/nf-core/test-datasets/', config_profile_name: null, config_profile_description: null, custom_config_version: master, custom_config_base: 'https://raw.githubusercontent.com/nf-core/configs/master', config_profile_contact: null, config_profile_url: null, validate_params: true, differential_fc_column: log2FoldChange, differential_pval_column: pvalue, differential_qval_column: padj, differential_foldchanges_logged: true}, paramset_name: rnaseq}, plots/differential/rnaseq/oxy_vs_sal_in_SNI_nac_all16/png/volcano.png]
    - [differential_volcanos, {id: SNI_Sal_vs_Sham_Sal_nac_all16, variable: Condition, reference: Sham_Sal, target: SNI_Sal, blocking: '', formula: null, make_contrasts_str: null, params: {contrasts: contrasts_paper.csv, gtf: reference/genes_GRCm38_igenomes.gtf, differential_max_pval: 0.05, differential_max_qval: 1.0, differential_min_fold_change: 1.41421, deseq2_shrink_lfc: false, seed: 42, exploratory_main_variable: Condition, input: samplesheet.csv, matrix: data/salmon.merged.gene_counts.tsv, feature_length_matrix: salmon.merged.gene_lengths.tsv, study_name: nac_all16, outdir: results/all16, study_type: rnaseq, study_abundance_type: counts, querygse: null, control_features: null, sizefactors_from_controls: false, round_digits: -1, paramsheet: null, observations_type: sample, observations_id_col: sample, observations_name_col: sample, features: null, features_type: gene, features_id_col: gene_id, features_name_col: gene_name, features_metadata_cols: 'gene_id,gene_name,gene_biotype', features_gtf_feature_type: transcript, features_gtf_table_first_field: gene_id, affy_cel_files_archive: null, affy_file_name_col: file, affy_background: true, affy_bgversion: 2, affy_destructive: false, affy_cdfname: null, affy_rm_mask: false, affy_rm_outliers: false, affy_rm_extra: false, affy_build_annotation: true, proteus_measurecol_prefix: LFQ intensity, proteus_norm_function: normalizeMedian, proteus_plotsd_method: violin, proteus_plotmv_loess: true, proteus_palette_name: Set1, filtering_min_samples: 1.0, filtering_min_abundance: 1, filtering_min_proportion: null, filtering_grouping_var: null, filtering_min_proportion_not_na: 0.5, filtering_min_samples_not_na: null, exploratory_clustering_method: ward.D2, exploratory_cor_method: spearman, exploratory_n_features: 500, exploratory_whisker_distance: 1.5, exploratory_mad_threshold: -5, exploratory_assay_names: 'raw,normalised,variance_stabilised', exploratory_final_assay: variance_stabilised, exploratory_log2_assays: 'raw,normalised', exploratory_palette_name: Set1, differential_method: deseq2, differential_file_suffix: .deseq2.results.tsv, differential_feature_id_column: gene_id, differential_palette_name: Set1, differential_subset_to_contrast_samples: false, deseq2_test: Wald, deseq2_fit_type: parametric, deseq2_sf_type: ratio, deseq2_min_replicates_for_replace: 7, deseq2_use_t: false, deseq2_lfc_threshold: 0, deseq2_alt_hypothesis: greaterAbs, deseq2_independent_filtering: true, deseq2_p_adjust_method: BH, deseq2_alpha: 0.1, deseq2_minmu: 0.5, deseq2_vs_method: vst, deseq2_vs_blind: true, deseq2_vst_nsub: 1000, limma_ndups: null, limma_spacing: null, limma_block: null, limma_correlation: null, limma_method: ls, limma_proportion: 0.01, limma_stdev_coef_lim: '0.1,4', limma_trend: false, limma_robust: false, limma_winsor_tail_p: '0.05,0.1', limma_adjust_method: BH, limma_p_value: 1.0, limma_lfc: 0, limma_confint: false, limma_use_voom: false, dream_adjust_method: BH, dream_p_value: 1, dream_lfc: 0, dream_confint: false, dream_proportion: 0.01, dream_stdev_coef_lim: '0.1,4', dream_trend: false, dream_robust: false, dream_winsor_tail_p: '0.05,0.1', dream_ddf: adaptive, dream_reml: false, dream_apply_voom: false, propd_alpha: null, propd_moderated: true, propd_fdr: 0.05, propd_permutation: 0, propd_number_of_cutoffs: 100, propd_save_pairwise: false, propd_save_pairwise_full: false, propd_save_adjacency: false, propd_save_rdata: false, functional_method: none, gene_sets_files: null, gsea_nperm: 1000, gsea_permute: phenotype, gsea_scoring_scheme: weighted, gsea_metric: Signal2Noise, gsea_sort: real, gsea_order: descending, gsea_set_max: 500, gsea_set_min: 15, gsea_norm: meandiv, gsea_rnd_type: no_balance, gsea_make_sets: true, gsea_median: false, gsea_num: 100, gsea_plot_top_x: 20, gsea_save_rnd_lists: false, gsea_zip_report: false, gprofiler2_organism: null, gprofiler2_significant: true, gprofiler2_measure_underrepresentation: false, gprofiler2_correction_method: gSCS, gprofiler2_sources: null, gprofiler2_evcodes: false, gprofiler2_max_qval: 0.05, gprofiler2_token: null, gprofiler2_background_file: auto, gprofiler2_background_column: null, gprofiler2_domain_scope: annotated, gprofiler2_min_diff: 1, gprofiler2_palette_name: Blues, decoupler_network: null, decoupler_min_n: 5, decoupler_methods: ulm, grea_set_min: 15, grea_set_max: 500, grea_permutation: 100, shinyngs_build_app: true, skip_reports: false, shinyngs_deploy_to_shinyapps_io: false, shinyngs_shinyapps_account: null, shinyngs_shinyapps_app_name: null, logo_file: /home/laurens/.nextflow/assets/.repos/nf-core/differentialabundance/clones/30ed7741fc392127156c2fb10cfa3d69d216b54b/docs/images/nf-core-differentialabundance_logo_light.png, css_file: /home/laurens/.nextflow/assets/.repos/nf-core/differentialabundance/clones/30ed7741fc392127156c2fb10cfa3d69d216b54b/assets/nf-core_style.css, citations_file: /home/laurens/.nextflow/assets/.repos/nf-core/differentialabundance/clones/30ed7741fc392127156c2fb10cfa3d69d216b54b/CITATIONS.md, report_file: /home/laurens/.nextflow/assets/.repos/nf-core/differentialabundance/clones/30ed7741fc392127156c2fb10cfa3d69d216b54b/assets/differentialabundance_report.qmd, report_title: null, report_author: null, report_contributors: null, report_description: null, disable_report_modules: null, genome: null, igenomes_base: 's3://ngi-igenomes/igenomes/', igenomes_ignore: false, publish_dir_mode: copy, email: null, email_on_fail: null, plaintext_email: false, monochrome_logs: false, version: false, pipelines_testdata_base_path: 'https://raw.githubusercontent.com/nf-core/test-datasets/', config_profile_name: null, config_profile_description: null, custom_config_version: master, custom_config_base: 'https://raw.githubusercontent.com/nf-core/configs/master', config_profile_contact: null, config_profile_url: null, validate_params: true, differential_fc_column: log2FoldChange, differential_pval_column: pvalue, differential_qval_column: padj, differential_foldchanges_logged: true}, paramset_name: rnaseq}, plots/differential/rnaseq/SNI_Sal_vs_Sham_Sal_nac_all16/png/volcano.png]
    - [differential_volcanos, {id: oxy_vs_sal_in_Sham_nac_all16, variable: Condition, reference: Sham_Sal, target: Sham_oxy, blocking: '', formula: null, make_contrasts_str: null, params: {contrasts: contrasts_paper.csv, gtf: reference/genes_GRCm38_igenomes.gtf, differential_max_pval: 0.05, differential_max_qval: 1.0, differential_min_fold_change: 1.41421, deseq2_shrink_lfc: false, seed: 42, exploratory_main_variable: Condition, input: samplesheet.csv, matrix: data/salmon.merged.gene_counts.tsv, feature_length_matrix: salmon.merged.gene_lengths.tsv, study_name: nac_all16, outdir: results/all16, study_type: rnaseq, study_abundance_type: counts, querygse: null, control_features: null, sizefactors_from_controls: false, round_digits: -1, paramsheet: null, observations_type: sample, observations_id_col: sample, observations_name_col: sample, features: null, features_type: gene, features_id_col: gene_id, features_name_col: gene_name, features_metadata_cols: 'gene_id,gene_name,gene_biotype', features_gtf_feature_type: transcript, features_gtf_table_first_field: gene_id, affy_cel_files_archive: null, affy_file_name_col: file, affy_background: true, affy_bgversion: 2, affy_destructive: false, affy_cdfname: null, affy_rm_mask: false, affy_rm_outliers: false, affy_rm_extra: false, affy_build_annotation: true, proteus_measurecol_prefix: LFQ intensity, proteus_norm_function: normalizeMedian, proteus_plotsd_method: violin, proteus_plotmv_loess: true, proteus_palette_name: Set1, filtering_min_samples: 1.0, filtering_min_abundance: 1, filtering_min_proportion: null, filtering_grouping_var: null, filtering_min_proportion_not_na: 0.5, filtering_min_samples_not_na: null, exploratory_clustering_method: ward.D2, exploratory_cor_method: spearman, exploratory_n_features: 500, exploratory_whisker_distance: 1.5, exploratory_mad_threshold: -5, exploratory_assay_names: 'raw,normalised,variance_stabilised', exploratory_final_assay: variance_stabilised, exploratory_log2_assays: 'raw,normalised', exploratory_palette_name: Set1, differential_method: deseq2, differential_file_suffix: .deseq2.results.tsv, differential_feature_id_column: gene_id, differential_palette_name: Set1, differential_subset_to_contrast_samples: false, deseq2_test: Wald, deseq2_fit_type: parametric, deseq2_sf_type: ratio, deseq2_min_replicates_for_replace: 7, deseq2_use_t: false, deseq2_lfc_threshold: 0, deseq2_alt_hypothesis: greaterAbs, deseq2_independent_filtering: true, deseq2_p_adjust_method: BH, deseq2_alpha: 0.1, deseq2_minmu: 0.5, deseq2_vs_method: vst, deseq2_vs_blind: true, deseq2_vst_nsub: 1000, limma_ndups: null, limma_spacing: null, limma_block: null, limma_correlation: null, limma_method: ls, limma_proportion: 0.01, limma_stdev_coef_lim: '0.1,4', limma_trend: false, limma_robust: false, limma_winsor_tail_p: '0.05,0.1', limma_adjust_method: BH, limma_p_value: 1.0, limma_lfc: 0, limma_confint: false, limma_use_voom: false, dream_adjust_method: BH, dream_p_value: 1, dream_lfc: 0, dream_confint: false, dream_proportion: 0.01, dream_stdev_coef_lim: '0.1,4', dream_trend: false, dream_robust: false, dream_winsor_tail_p: '0.05,0.1', dream_ddf: adaptive, dream_reml: false, dream_apply_voom: false, propd_alpha: null, propd_moderated: true, propd_fdr: 0.05, propd_permutation: 0, propd_number_of_cutoffs: 100, propd_save_pairwise: false, propd_save_pairwise_full: false, propd_save_adjacency: false, propd_save_rdata: false, functional_method: none, gene_sets_files: null, gsea_nperm: 1000, gsea_permute: phenotype, gsea_scoring_scheme: weighted, gsea_metric: Signal2Noise, gsea_sort: real, gsea_order: descending, gsea_set_max: 500, gsea_set_min: 15, gsea_norm: meandiv, gsea_rnd_type: no_balance, gsea_make_sets: true, gsea_median: false, gsea_num: 100, gsea_plot_top_x: 20, gsea_save_rnd_lists: false, gsea_zip_report: false, gprofiler2_organism: null, gprofiler2_significant: true, gprofiler2_measure_underrepresentation: false, gprofiler2_correction_method: gSCS, gprofiler2_sources: null, gprofiler2_evcodes: false, gprofiler2_max_qval: 0.05, gprofiler2_token: null, gprofiler2_background_file: auto, gprofiler2_background_column: null, gprofiler2_domain_scope: annotated, gprofiler2_min_diff: 1, gprofiler2_palette_name: Blues, decoupler_network: null, decoupler_min_n: 5, decoupler_methods: ulm, grea_set_min: 15, grea_set_max: 500, grea_permutation: 100, shinyngs_build_app: true, skip_reports: false, shinyngs_deploy_to_shinyapps_io: false, shinyngs_shinyapps_account: null, shinyngs_shinyapps_app_name: null, logo_file: /home/laurens/.nextflow/assets/.repos/nf-core/differentialabundance/clones/30ed7741fc392127156c2fb10cfa3d69d216b54b/docs/images/nf-core-differentialabundance_logo_light.png, css_file: /home/laurens/.nextflow/assets/.repos/nf-core/differentialabundance/clones/30ed7741fc392127156c2fb10cfa3d69d216b54b/assets/nf-core_style.css, citations_file: /home/laurens/.nextflow/assets/.repos/nf-core/differentialabundance/clones/30ed7741fc392127156c2fb10cfa3d69d216b54b/CITATIONS.md, report_file: /home/laurens/.nextflow/assets/.repos/nf-core/differentialabundance/clones/30ed7741fc392127156c2fb10cfa3d69d216b54b/assets/differentialabundance_report.qmd, report_title: null, report_author: null, report_contributors: null, report_description: null, disable_report_modules: null, genome: null, igenomes_base: 's3://ngi-igenomes/igenomes/', igenomes_ignore: false, publish_dir_mode: copy, email: null, email_on_fail: null, plaintext_email: false, monochrome_logs: false, version: false, pipelines_testdata_base_path: 'https://raw.githubusercontent.com/nf-core/test-datasets/', config_profile_name: null, config_profile_description: null, custom_config_version: master, custom_config_base: 'https://raw.githubusercontent.com/nf-core/configs/master', config_profile_contact: null, config_profile_url: null, validate_params: true, differential_fc_column: log2FoldChange, differential_pval_column: pvalue, differential_qval_column: padj, differential_foldchanges_logged: true}, paramset_name: rnaseq}, plots/differential/rnaseq/oxy_vs_sal_in_Sham_nac_all16/png/volcano.png]

  shinyngs:
    - [shinyngs_app, {id: nac_all16, paramset_name: rnaseq, params: {contrasts: contrasts_paper.csv, gtf: reference/genes_GRCm38_igenomes.gtf, differential_max_pval: 0.05, differential_max_qval: 1.0, differential_min_fold_change: 1.41421, deseq2_shrink_lfc: false, seed: 42, exploratory_main_variable: Condition, input: samplesheet.csv, matrix: data/salmon.merged.gene_counts.tsv, feature_length_matrix: salmon.merged.gene_lengths.tsv, study_name: nac_all16, outdir: results/all16, study_type: rnaseq, study_abundance_type: counts, querygse: null, control_features: null, sizefactors_from_controls: false, round_digits: -1, paramsheet: null, observations_type: sample, observations_id_col: sample, observations_name_col: sample, features: null, features_type: gene, features_id_col: gene_id, features_name_col: gene_name, features_metadata_cols: 'gene_id,gene_name,gene_biotype', features_gtf_feature_type: transcript, features_gtf_table_first_field: gene_id, affy_cel_files_archive: null, affy_file_name_col: file, affy_background: true, affy_bgversion: 2, affy_destructive: false, affy_cdfname: null, affy_rm_mask: false, affy_rm_outliers: false, affy_rm_extra: false, affy_build_annotation: true, proteus_measurecol_prefix: LFQ intensity, proteus_norm_function: normalizeMedian, proteus_plotsd_method: violin, proteus_plotmv_loess: true, proteus_palette_name: Set1, filtering_min_samples: 1.0, filtering_min_abundance: 1, filtering_min_proportion: null, filtering_grouping_var: null, filtering_min_proportion_not_na: 0.5, filtering_min_samples_not_na: null, exploratory_clustering_method: ward.D2, exploratory_cor_method: spearman, exploratory_n_features: 500, exploratory_whisker_distance: 1.5, exploratory_mad_threshold: -5, exploratory_assay_names: 'raw,normalised,variance_stabilised', exploratory_final_assay: variance_stabilised, exploratory_log2_assays: 'raw,normalised', exploratory_palette_name: Set1, differential_method: deseq2, differential_file_suffix: .deseq2.results.tsv, differential_feature_id_column: gene_id, differential_palette_name: Set1, differential_subset_to_contrast_samples: false, deseq2_test: Wald, deseq2_fit_type: parametric, deseq2_sf_type: ratio, deseq2_min_replicates_for_replace: 7, deseq2_use_t: false, deseq2_lfc_threshold: 0, deseq2_alt_hypothesis: greaterAbs, deseq2_independent_filtering: true, deseq2_p_adjust_method: BH, deseq2_alpha: 0.1, deseq2_minmu: 0.5, deseq2_vs_method: vst, deseq2_vs_blind: true, deseq2_vst_nsub: 1000, limma_ndups: null, limma_spacing: null, limma_block: null, limma_correlation: null, limma_method: ls, limma_proportion: 0.01, limma_stdev_coef_lim: '0.1,4', limma_trend: false, limma_robust: false, limma_winsor_tail_p: '0.05,0.1', limma_adjust_method: BH, limma_p_value: 1.0, limma_lfc: 0, limma_confint: false, limma_use_voom: false, dream_adjust_method: BH, dream_p_value: 1, dream_lfc: 0, dream_confint: false, dream_proportion: 0.01, dream_stdev_coef_lim: '0.1,4', dream_trend: false, dream_robust: false, dream_winsor_tail_p: '0.05,0.1', dream_ddf: adaptive, dream_reml: false, dream_apply_voom: false, propd_alpha: null, propd_moderated: true, propd_fdr: 0.05, propd_permutation: 0, propd_number_of_cutoffs: 100, propd_save_pairwise: false, propd_save_pairwise_full: false, propd_save_adjacency: false, propd_save_rdata: false, functional_method: none, gene_sets_files: null, gsea_nperm: 1000, gsea_permute: phenotype, gsea_scoring_scheme: weighted, gsea_metric: Signal2Noise, gsea_sort: real, gsea_order: descending, gsea_set_max: 500, gsea_set_min: 15, gsea_norm: meandiv, gsea_rnd_type: no_balance, gsea_make_sets: true, gsea_median: false, gsea_num: 100, gsea_plot_top_x: 20, gsea_save_rnd_lists: false, gsea_zip_report: false, gprofiler2_organism: null, gprofiler2_significant: true, gprofiler2_measure_underrepresentation: false, gprofiler2_correction_method: gSCS, gprofiler2_sources: null, gprofiler2_evcodes: false, gprofiler2_max_qval: 0.05, gprofiler2_token: null, gprofiler2_background_file: auto, gprofiler2_background_column: null, gprofiler2_domain_scope: annotated, gprofiler2_min_diff: 1, gprofiler2_palette_name: Blues, decoupler_network: null, decoupler_min_n: 5, decoupler_methods: ulm, grea_set_min: 15, grea_set_max: 500, grea_permutation: 100, shinyngs_build_app: true, skip_reports: false, shinyngs_deploy_to_shinyapps_io: false, shinyngs_shinyapps_account: null, shinyngs_shinyapps_app_name: null, logo_file: /home/laurens/.nextflow/assets/.repos/nf-core/differentialabundance/clones/30ed7741fc392127156c2fb10cfa3d69d216b54b/docs/images/nf-core-differentialabundance_logo_light.png, css_file: /home/laurens/.nextflow/assets/.repos/nf-core/differentialabundance/clones/30ed7741fc392127156c2fb10cfa3d69d216b54b/assets/nf-core_style.css, citations_file: /home/laurens/.nextflow/assets/.repos/nf-core/differentialabundance/clones/30ed7741fc392127156c2fb10cfa3d69d216b54b/CITATIONS.md, report_file: /home/laurens/.nextflow/assets/.repos/nf-core/differentialabundance/clones/30ed7741fc392127156c2fb10cfa3d69d216b54b/assets/differentialabundance_report.qmd, report_title: null, report_author: null, report_contributors: null, report_description: null, disable_report_modules: null, genome: null, igenomes_base: 's3://ngi-igenomes/igenomes/', igenomes_ignore: false, publish_dir_mode: copy, email: null, email_on_fail: null, plaintext_email: false, monochrome_logs: false, version: false, pipelines_testdata_base_path: 'https://raw.githubusercontent.com/nf-core/test-datasets/', config_profile_name: null, config_profile_description: null, custom_config_version: master, custom_config_base: 'https://raw.githubusercontent.com/nf-core/configs/master', config_profile_contact: null, config_profile_url: null, validate_params: true, differential_fc_column: log2FoldChange, differential_pval_column: pvalue, differential_qval_column: padj, differential_foldchanges_logged: true}}, shinyngs_app/rnaseq/nac_all16/app.R]
    - [shinyngs_data, {id: nac_all16, paramset_name: rnaseq, params: {contrasts: contrasts_paper.csv, gtf: reference/genes_GRCm38_igenomes.gtf, differential_max_pval: 0.05, differential_max_qval: 1.0, differential_min_fold_change: 1.41421, deseq2_shrink_lfc: false, seed: 42, exploratory_main_variable: Condition, input: samplesheet.csv, matrix: data/salmon.merged.gene_counts.tsv, feature_length_matrix: salmon.merged.gene_lengths.tsv, study_name: nac_all16, outdir: results/all16, study_type: rnaseq, study_abundance_type: counts, querygse: null, control_features: null, sizefactors_from_controls: false, round_digits: -1, paramsheet: null, observations_type: sample, observations_id_col: sample, observations_name_col: sample, features: null, features_type: gene, features_id_col: gene_id, features_name_col: gene_name, features_metadata_cols: 'gene_id,gene_name,gene_biotype', features_gtf_feature_type: transcript, features_gtf_table_first_field: gene_id, affy_cel_files_archive: null, affy_file_name_col: file, affy_background: true, affy_bgversion: 2, affy_destructive: false, affy_cdfname: null, affy_rm_mask: false, affy_rm_outliers: false, affy_rm_extra: false, affy_build_annotation: true, proteus_measurecol_prefix: LFQ intensity, proteus_norm_function: normalizeMedian, proteus_plotsd_method: violin, proteus_plotmv_loess: true, proteus_palette_name: Set1, filtering_min_samples: 1.0, filtering_min_abundance: 1, filtering_min_proportion: null, filtering_grouping_var: null, filtering_min_proportion_not_na: 0.5, filtering_min_samples_not_na: null, exploratory_clustering_method: ward.D2, exploratory_cor_method: spearman, exploratory_n_features: 500, exploratory_whisker_distance: 1.5, exploratory_mad_threshold: -5, exploratory_assay_names: 'raw,normalised,variance_stabilised', exploratory_final_assay: variance_stabilised, exploratory_log2_assays: 'raw,normalised', exploratory_palette_name: Set1, differential_method: deseq2, differential_file_suffix: .deseq2.results.tsv, differential_feature_id_column: gene_id, differential_palette_name: Set1, differential_subset_to_contrast_samples: false, deseq2_test: Wald, deseq2_fit_type: parametric, deseq2_sf_type: ratio, deseq2_min_replicates_for_replace: 7, deseq2_use_t: false, deseq2_lfc_threshold: 0, deseq2_alt_hypothesis: greaterAbs, deseq2_independent_filtering: true, deseq2_p_adjust_method: BH, deseq2_alpha: 0.1, deseq2_minmu: 0.5, deseq2_vs_method: vst, deseq2_vs_blind: true, deseq2_vst_nsub: 1000, limma_ndups: null, limma_spacing: null, limma_block: null, limma_correlation: null, limma_method: ls, limma_proportion: 0.01, limma_stdev_coef_lim: '0.1,4', limma_trend: false, limma_robust: false, limma_winsor_tail_p: '0.05,0.1', limma_adjust_method: BH, limma_p_value: 1.0, limma_lfc: 0, limma_confint: false, limma_use_voom: false, dream_adjust_method: BH, dream_p_value: 1, dream_lfc: 0, dream_confint: false, dream_proportion: 0.01, dream_stdev_coef_lim: '0.1,4', dream_trend: false, dream_robust: false, dream_winsor_tail_p: '0.05,0.1', dream_ddf: adaptive, dream_reml: false, dream_apply_voom: false, propd_alpha: null, propd_moderated: true, propd_fdr: 0.05, propd_permutation: 0, propd_number_of_cutoffs: 100, propd_save_pairwise: false, propd_save_pairwise_full: false, propd_save_adjacency: false, propd_save_rdata: false, functional_method: none, gene_sets_files: null, gsea_nperm: 1000, gsea_permute: phenotype, gsea_scoring_scheme: weighted, gsea_metric: Signal2Noise, gsea_sort: real, gsea_order: descending, gsea_set_max: 500, gsea_set_min: 15, gsea_norm: meandiv, gsea_rnd_type: no_balance, gsea_make_sets: true, gsea_median: false, gsea_num: 100, gsea_plot_top_x: 20, gsea_save_rnd_lists: false, gsea_zip_report: false, gprofiler2_organism: null, gprofiler2_significant: true, gprofiler2_measure_underrepresentation: false, gprofiler2_correction_method: gSCS, gprofiler2_sources: null, gprofiler2_evcodes: false, gprofiler2_max_qval: 0.05, gprofiler2_token: null, gprofiler2_background_file: auto, gprofiler2_background_column: null, gprofiler2_domain_scope: annotated, gprofiler2_min_diff: 1, gprofiler2_palette_name: Blues, decoupler_network: null, decoupler_min_n: 5, decoupler_methods: ulm, grea_set_min: 15, grea_set_max: 500, grea_permutation: 100, shinyngs_build_app: true, skip_reports: false, shinyngs_deploy_to_shinyapps_io: false, shinyngs_shinyapps_account: null, shinyngs_shinyapps_app_name: null, logo_file: /home/laurens/.nextflow/assets/.repos/nf-core/differentialabundance/clones/30ed7741fc392127156c2fb10cfa3d69d216b54b/docs/images/nf-core-differentialabundance_logo_light.png, css_file: /home/laurens/.nextflow/assets/.repos/nf-core/differentialabundance/clones/30ed7741fc392127156c2fb10cfa3d69d216b54b/assets/nf-core_style.css, citations_file: /home/laurens/.nextflow/assets/.repos/nf-core/differentialabundance/clones/30ed7741fc392127156c2fb10cfa3d69d216b54b/CITATIONS.md, report_file: /home/laurens/.nextflow/assets/.repos/nf-core/differentialabundance/clones/30ed7741fc392127156c2fb10cfa3d69d216b54b/assets/differentialabundance_report.qmd, report_title: null, report_author: null, report_contributors: null, report_description: null, disable_report_modules: null, genome: null, igenomes_base: 's3://ngi-igenomes/igenomes/', igenomes_ignore: false, publish_dir_mode: copy, email: null, email_on_fail: null, plaintext_email: false, monochrome_logs: false, version: false, pipelines_testdata_base_path: 'https://raw.githubusercontent.com/nf-core/test-datasets/', config_profile_name: null, config_profile_description: null, custom_config_version: master, custom_config_base: 'https://raw.githubusercontent.com/nf-core/configs/master', config_profile_contact: null, config_profile_url: null, validate_params: true, differential_fc_column: log2FoldChange, differential_pval_column: pvalue, differential_qval_column: padj, differential_foldchanges_logged: true}}, shinyngs_app/rnaseq/nac_all16/data.rds]

  report:
    - [report_html, {id: nac_all16, paramset_name: rnaseq, params: {contrasts: contrasts_paper.csv, gtf: reference/genes_GRCm38_igenomes.gtf, differential_max_pval: 0.05, differential_max_qval: 1.0, differential_min_fold_change: 1.41421, deseq2_shrink_lfc: false, seed: 42, exploratory_main_variable: Condition, input: samplesheet.csv, matrix: data/salmon.merged.gene_counts.tsv, feature_length_matrix: salmon.merged.gene_lengths.tsv, study_name: nac_all16, outdir: results/all16, study_type: rnaseq, study_abundance_type: counts, querygse: null, control_features: null, sizefactors_from_controls: false, round_digits: -1, paramsheet: null, observations_type: sample, observations_id_col: sample, observations_name_col: sample, features: null, features_type: gene, features_id_col: gene_id, features_name_col: gene_name, features_metadata_cols: 'gene_id,gene_name,gene_biotype', features_gtf_feature_type: transcript, features_gtf_table_first_field: gene_id, affy_cel_files_archive: null, affy_file_name_col: file, affy_background: true, affy_bgversion: 2, affy_destructive: false, affy_cdfname: null, affy_rm_mask: false, affy_rm_outliers: false, affy_rm_extra: false, affy_build_annotation: true, proteus_measurecol_prefix: LFQ intensity, proteus_norm_function: normalizeMedian, proteus_plotsd_method: violin, proteus_plotmv_loess: true, proteus_palette_name: Set1, filtering_min_samples: 1.0, filtering_min_abundance: 1, filtering_min_proportion: null, filtering_grouping_var: null, filtering_min_proportion_not_na: 0.5, filtering_min_samples_not_na: null, exploratory_clustering_method: ward.D2, exploratory_cor_method: spearman, exploratory_n_features: 500, exploratory_whisker_distance: 1.5, exploratory_mad_threshold: -5, exploratory_assay_names: 'raw,normalised,variance_stabilised', exploratory_final_assay: variance_stabilised, exploratory_log2_assays: 'raw,normalised', exploratory_palette_name: Set1, differential_method: deseq2, differential_file_suffix: .deseq2.results.tsv, differential_feature_id_column: gene_id, differential_palette_name: Set1, differential_subset_to_contrast_samples: false, deseq2_test: Wald, deseq2_fit_type: parametric, deseq2_sf_type: ratio, deseq2_min_replicates_for_replace: 7, deseq2_use_t: false, deseq2_lfc_threshold: 0, deseq2_alt_hypothesis: greaterAbs, deseq2_independent_filtering: true, deseq2_p_adjust_method: BH, deseq2_alpha: 0.1, deseq2_minmu: 0.5, deseq2_vs_method: vst, deseq2_vs_blind: true, deseq2_vst_nsub: 1000, limma_ndups: null, limma_spacing: null, limma_block: null, limma_correlation: null, limma_method: ls, limma_proportion: 0.01, limma_stdev_coef_lim: '0.1,4', limma_trend: false, limma_robust: false, limma_winsor_tail_p: '0.05,0.1', limma_adjust_method: BH, limma_p_value: 1.0, limma_lfc: 0, limma_confint: false, limma_use_voom: false, dream_adjust_method: BH, dream_p_value: 1, dream_lfc: 0, dream_confint: false, dream_proportion: 0.01, dream_stdev_coef_lim: '0.1,4', dream_trend: false, dream_robust: false, dream_winsor_tail_p: '0.05,0.1', dream_ddf: adaptive, dream_reml: false, dream_apply_voom: false, propd_alpha: null, propd_moderated: true, propd_fdr: 0.05, propd_permutation: 0, propd_number_of_cutoffs: 100, propd_save_pairwise: false, propd_save_pairwise_full: false, propd_save_adjacency: false, propd_save_rdata: false, functional_method: none, gene_sets_files: null, gsea_nperm: 1000, gsea_permute: phenotype, gsea_scoring_scheme: weighted, gsea_metric: Signal2Noise, gsea_sort: real, gsea_order: descending, gsea_set_max: 500, gsea_set_min: 15, gsea_norm: meandiv, gsea_rnd_type: no_balance, gsea_make_sets: true, gsea_median: false, gsea_num: 100, gsea_plot_top_x: 20, gsea_save_rnd_lists: false, gsea_zip_report: false, gprofiler2_organism: null, gprofiler2_significant: true, gprofiler2_measure_underrepresentation: false, gprofiler2_correction_method: gSCS, gprofiler2_sources: null, gprofiler2_evcodes: false, gprofiler2_max_qval: 0.05, gprofiler2_token: null, gprofiler2_background_file: auto, gprofiler2_background_column: null, gprofiler2_domain_scope: annotated, gprofiler2_min_diff: 1, gprofiler2_palette_name: Blues, decoupler_network: null, decoupler_min_n: 5, decoupler_methods: ulm, grea_set_min: 15, grea_set_max: 500, grea_permutation: 100, shinyngs_build_app: true, skip_reports: false, shinyngs_deploy_to_shinyapps_io: false, shinyngs_shinyapps_account: null, shinyngs_shinyapps_app_name: null, logo_file: /home/laurens/.nextflow/assets/.repos/nf-core/differentialabundance/clones/30ed7741fc392127156c2fb10cfa3d69d216b54b/docs/images/nf-core-differentialabundance_logo_light.png, css_file: /home/laurens/.nextflow/assets/.repos/nf-core/differentialabundance/clones/30ed7741fc392127156c2fb10cfa3d69d216b54b/assets/nf-core_style.css, citations_file: /home/laurens/.nextflow/assets/.repos/nf-core/differentialabundance/clones/30ed7741fc392127156c2fb10cfa3d69d216b54b/CITATIONS.md, report_file: /home/laurens/.nextflow/assets/.repos/nf-core/differentialabundance/clones/30ed7741fc392127156c2fb10cfa3d69d216b54b/assets/differentialabundance_report.qmd, report_title: null, report_author: null, report_contributors: null, report_description: null, disable_report_modules: null, genome: null, igenomes_base: 's3://ngi-igenomes/igenomes/', igenomes_ignore: false, publish_dir_mode: copy, email: null, email_on_fail: null, plaintext_email: false, monochrome_logs: false, version: false, pipelines_testdata_base_path: 'https://raw.githubusercontent.com/nf-core/test-datasets/', config_profile_name: null, config_profile_description: null, custom_config_version: master, custom_config_base: 'https://raw.githubusercontent.com/nf-core/configs/master', config_profile_contact: null, config_profile_url: null, validate_params: true, differential_fc_column: log2FoldChange, differential_pval_column: pvalue, differential_qval_column: padj, differential_foldchanges_logged: true}, report_file_name: differentialabundance_report}, report/rnaseq/nac_all16_differentialabundance_report.html]
    - [report_bundle, {id: nac_all16, paramset_name: rnaseq, params: {contrasts: contrasts_paper.csv, gtf: reference/genes_GRCm38_igenomes.gtf, differential_max_pval: 0.05, differential_max_qval: 1.0, differential_min_fold_change: 1.41421, deseq2_shrink_lfc: false, seed: 42, exploratory_main_variable: Condition, input: samplesheet.csv, matrix: data/salmon.merged.gene_counts.tsv, feature_length_matrix: salmon.merged.gene_lengths.tsv, study_name: nac_all16, outdir: results/all16, study_type: rnaseq, study_abundance_type: counts, querygse: null, control_features: null, sizefactors_from_controls: false, round_digits: -1, paramsheet: null, observations_type: sample, observations_id_col: sample, observations_name_col: sample, features: null, features_type: gene, features_id_col: gene_id, features_name_col: gene_name, features_metadata_cols: 'gene_id,gene_name,gene_biotype', features_gtf_feature_type: transcript, features_gtf_table_first_field: gene_id, affy_cel_files_archive: null, affy_file_name_col: file, affy_background: true, affy_bgversion: 2, affy_destructive: false, affy_cdfname: null, affy_rm_mask: false, affy_rm_outliers: false, affy_rm_extra: false, affy_build_annotation: true, proteus_measurecol_prefix: LFQ intensity, proteus_norm_function: normalizeMedian, proteus_plotsd_method: violin, proteus_plotmv_loess: true, proteus_palette_name: Set1, filtering_min_samples: 1.0, filtering_min_abundance: 1, filtering_min_proportion: null, filtering_grouping_var: null, filtering_min_proportion_not_na: 0.5, filtering_min_samples_not_na: null, exploratory_clustering_method: ward.D2, exploratory_cor_method: spearman, exploratory_n_features: 500, exploratory_whisker_distance: 1.5, exploratory_mad_threshold: -5, exploratory_assay_names: 'raw,normalised,variance_stabilised', exploratory_final_assay: variance_stabilised, exploratory_log2_assays: 'raw,normalised', exploratory_palette_name: Set1, differential_method: deseq2, differential_file_suffix: .deseq2.results.tsv, differential_feature_id_column: gene_id, differential_palette_name: Set1, differential_subset_to_contrast_samples: false, deseq2_test: Wald, deseq2_fit_type: parametric, deseq2_sf_type: ratio, deseq2_min_replicates_for_replace: 7, deseq2_use_t: false, deseq2_lfc_threshold: 0, deseq2_alt_hypothesis: greaterAbs, deseq2_independent_filtering: true, deseq2_p_adjust_method: BH, deseq2_alpha: 0.1, deseq2_minmu: 0.5, deseq2_vs_method: vst, deseq2_vs_blind: true, deseq2_vst_nsub: 1000, limma_ndups: null, limma_spacing: null, limma_block: null, limma_correlation: null, limma_method: ls, limma_proportion: 0.01, limma_stdev_coef_lim: '0.1,4', limma_trend: false, limma_robust: false, limma_winsor_tail_p: '0.05,0.1', limma_adjust_method: BH, limma_p_value: 1.0, limma_lfc: 0, limma_confint: false, limma_use_voom: false, dream_adjust_method: BH, dream_p_value: 1, dream_lfc: 0, dream_confint: false, dream_proportion: 0.01, dream_stdev_coef_lim: '0.1,4', dream_trend: false, dream_robust: false, dream_winsor_tail_p: '0.05,0.1', dream_ddf: adaptive, dream_reml: false, dream_apply_voom: false, propd_alpha: null, propd_moderated: true, propd_fdr: 0.05, propd_permutation: 0, propd_number_of_cutoffs: 100, propd_save_pairwise: false, propd_save_pairwise_full: false, propd_save_adjacency: false, propd_save_rdata: false, functional_method: none, gene_sets_files: null, gsea_nperm: 1000, gsea_permute: phenotype, gsea_scoring_scheme: weighted, gsea_metric: Signal2Noise, gsea_sort: real, gsea_order: descending, gsea_set_max: 500, gsea_set_min: 15, gsea_norm: meandiv, gsea_rnd_type: no_balance, gsea_make_sets: true, gsea_median: false, gsea_num: 100, gsea_plot_top_x: 20, gsea_save_rnd_lists: false, gsea_zip_report: false, gprofiler2_organism: null, gprofiler2_significant: true, gprofiler2_measure_underrepresentation: false, gprofiler2_correction_method: gSCS, gprofiler2_sources: null, gprofiler2_evcodes: false, gprofiler2_max_qval: 0.05, gprofiler2_token: null, gprofiler2_background_file: auto, gprofiler2_background_column: null, gprofiler2_domain_scope: annotated, gprofiler2_min_diff: 1, gprofiler2_palette_name: Blues, decoupler_network: null, decoupler_min_n: 5, decoupler_methods: ulm, grea_set_min: 15, grea_set_max: 500, grea_permutation: 100, shinyngs_build_app: true, skip_reports: false, shinyngs_deploy_to_shinyapps_io: false, shinyngs_shinyapps_account: null, shinyngs_shinyapps_app_name: null, logo_file: /home/laurens/.nextflow/assets/.repos/nf-core/differentialabundance/clones/30ed7741fc392127156c2fb10cfa3d69d216b54b/docs/images/nf-core-differentialabundance_logo_light.png, css_file: /home/laurens/.nextflow/assets/.repos/nf-core/differentialabundance/clones/30ed7741fc392127156c2fb10cfa3d69d216b54b/assets/nf-core_style.css, citations_file: /home/laurens/.nextflow/assets/.repos/nf-core/differentialabundance/clones/30ed7741fc392127156c2fb10cfa3d69d216b54b/CITATIONS.md, report_file: /home/laurens/.nextflow/assets/.repos/nf-core/differentialabundance/clones/30ed7741fc392127156c2fb10cfa3d69d216b54b/assets/differentialabundance_report.qmd, report_title: null, report_author: null, report_contributors: null, report_description: null, disable_report_modules: null, genome: null, igenomes_base: 's3://ngi-igenomes/igenomes/', igenomes_ignore: false, publish_dir_mode: copy, email: null, email_on_fail: null, plaintext_email: false, monochrome_logs: false, version: false, pipelines_testdata_base_path: 'https://raw.githubusercontent.com/nf-core/test-datasets/', config_profile_name: null, config_profile_description: null, custom_config_version: master, custom_config_base: 'https://raw.githubusercontent.com/nf-core/configs/master', config_profile_contact: null, config_profile_url: null, validate_params: true, differential_fc_column: log2FoldChange, differential_pval_column: pvalue, differential_qval_column: padj, differential_foldchanges_logged: true}, report_file_name: differentialabundance_report}, report/rnaseq/nac_all16.zip]

  versions:
    - [collated_versions, {}, pipeline_info/collated_versions.yml]
    - [versions, {}, pipeline_info/nf_core_differentialabundance_software_versions.yml]

Completed at: 30-Sep-2026 13:25:22
Duration    : 5m 19s
CPU hours   : 0.1
Succeeded   : 28


